-- phpMyAdmin SQL Dump
-- version 4.9.0.1
-- https://www.phpmyadmin.net/
--
-- Máy chủ: sql310.epizy.com
-- Thời gian đã tạo: Th10 11, 2022 lúc 01:43 AM
-- Phiên bản máy phục vụ: 10.3.27-MariaDB
-- Phiên bản PHP: 7.2.22

SET SQL_MODE = "NO_AUTO_VALUE_ON_ZERO";
SET AUTOCOMMIT = 0;
START TRANSACTION;
SET time_zone = "+00:00";


/*!40101 SET @OLD_CHARACTER_SET_CLIENT=@@CHARACTER_SET_CLIENT */;
/*!40101 SET @OLD_CHARACTER_SET_RESULTS=@@CHARACTER_SET_RESULTS */;
/*!40101 SET @OLD_COLLATION_CONNECTION=@@COLLATION_CONNECTION */;
/*!40101 SET NAMES utf8mb4 */;

--
-- Cơ sở dữ liệu: `epiz_32868731_diorweb`
--

-- --------------------------------------------------------

--
-- Cấu trúc bảng cho bảng `tbl_cart`
--

CREATE TABLE `tbl_cart` (
  `user_id` int(11) NOT NULL,
  `product_id` int(11) NOT NULL,
  `product_quantity` int(11) NOT NULL
) ENGINE=InnoDB DEFAULT CHARSET=utf8 COLLATE=utf8_unicode_ci;

--
-- Đang đổ dữ liệu cho bảng `tbl_cart`
--

INSERT INTO `tbl_cart` (`user_id`, `product_id`, `product_quantity`) VALUES
(22, 12, 2);

-- --------------------------------------------------------

--
-- Cấu trúc bảng cho bảng `tbl_description`
--

CREATE TABLE `tbl_description` (
  `product_id` int(11) NOT NULL,
  `review_content` longtext COLLATE utf8_unicode_ci NOT NULL
) ENGINE=InnoDB DEFAULT CHARSET=utf8 COLLATE=utf8_unicode_ci;

--
-- Đang đổ dữ liệu cho bảng `tbl_description`
--

INSERT INTO `tbl_description` (`product_id`, `review_content`) VALUES
(1, '<div class=\"container-fluid\">\r\n        <div class=\"text-center\">\r\n          <h2>A FRAGRANCE GOOD LUCK CHARM</h2>\r\n          <div class=\"row\">\r\n            <div class=\"col-md-7\">\r\n              <img\r\n                src=\"/CONCASAU/DOAN/images/prod-1-description-1.jpg\"\r\n                width=\"80%\" alt=\"\">\r\n            </div>\r\n            <div class=\"col-md-4 text-center\" style=\"margin:auto; font: 13px, arial;\">\r\n              What more elegant way to bring good fortune than the fragrance Lucky? An olfactory lucky charm with a\r\n              scent inspired by Christian Dior\'s most poetic superstition – sewing a sprig of Lily-of-the-Valley into\r\n              the hem of his dresses before each show – it is a fragrance you wear on your skin like a lucky star.\r\n            </div>\r\n          </div>\r\n        </div>\r\n        <hr style=\"clear: both;\">\r\n        <div style=\"height: 20px;\"></div>\r\n        <div class=\"text-center\" style=\"font: arial;\">\r\n          <h2>THE LUCKY TRAIL IN A FRAGRANCE ROUTINE</h2>\r\n          <hr style=\"clear: both;\">\r\n          <div class=\"row\">\r\n            <div class=\"col-md-4\">\r\n              <img width = \"90%\"\r\n                src=\"/CONCASAU/DOAN/images/prod-1-description-2.jpg\"\r\n                alt=\"\">\r\n            </div>\r\n            <div class=\"col-md-4\">\r\n              <img width = \"90%\"\r\n                src=\"/CONCASAU/DOAN/images/prod-1-description-3.jpg\"\r\n                alt=\"\">\r\n            </div>\r\n            <div class=\"col-md-4\">\r\n              <img width = \"90%\"\r\n                src=\"/CONCASAU/DOAN/images/prod-1-description-4.jpg\"\r\n                alt=\"\">\r\n            </div>\r\n          </div>\r\n        </div>\r\n      </div>\r\n   '),
(2, '<div class=\"container-fluid\">\r\n        <div class=\"text-center\">\r\n          <h2>A FRAGRANCE GOOD LUCK CHARM</h2>\r\n          <div class=\"row\">\r\n            <div class=\"col-md-3 text-center\" style=\"margin:auto; font: 13px, arial;\">\r\n              What more elegant way to bring good fortune than the fragrance Lucky? An olfactory lucky charm with a\r\n              scent inspired by Christian Dior\'s most poetic superstition – sewing a sprig of Lily-of-the-Valley into\r\n              the hem of his dresses before each show – it is a fragrance you wear on your skin like a lucky star.\r\n            </div>\r\n            <div class=\"col-md-7\">\r\n                <div class=\"image-container\">\r\n                    <div class=\"text-center\">\r\n                      <video class=\"videoDiv video-mp4\" autoplay muted loop width=\"85%\">\r\n                        <source\r\n                          src=\"/CONCASAU/DOAN/video/prod-1-description-video-1.mp4\"\r\n                          type=\"video/mp4\">\r\n                      </video>\r\n                    </div>\r\n                  </div>\r\n            </div>\r\n          </div>\r\n        </div>\r\n        <hr style=\"clear: both;\">\r\n        <div style=\"height: 20px;\"></div>\r\n        <div class=\"text-center\" style=\"font: arial;\">\r\n          <h2>THE LUCKY TRAIL IN A FRAGRANCE ROUTINE</h2>\r\n          <hr style=\"clear: both;\">\r\n          <img\r\n            src=\"/CONCASAU/DOAN/images/prod-2-description-1.jpg\" width=\"85%\" \r\n            alt=\"\">\r\n        </div>\r\n      </div>\r\n  '),
(3, '<div class=\"container-fluid\">\r\n        <div class=\"text-center\">\r\n          <h2>A FRAGRANCE GOOD LUCK CHARM</h2>\r\n          <div class=\"row\">\r\n            <div class=\"col-md-4 text-center\" style=\"margin:auto; font: 13px, arial;\">\r\n              What more elegant way to bring good fortune than the fragrance Lucky? An olfactory lucky charm with a\r\n              scent inspired by Christian Dior\'s most poetic superstition – sewing a sprig of Lily-of-the-Valley into\r\n              the hem of his dresses before each show – it is a fragrance you wear on your skin like a lucky star.\r\n            </div>\r\n            <div class=\"col-md-4\">\r\n              <img width = \"80%\"\r\n                src=\"/CONCASAU/DOAN/images/prod-3-description-1.jpg\"\r\n                alt=\"\">\r\n            </div>\r\n            <div class=\"col-md-4\">\r\n                <img width = \"80%\"\r\n                  src=\"/CONCASAU/DOAN/images/prod-3-description-2.jpg\"\r\n                  alt=\"\">\r\n              </div>\r\n          </div>\r\n        </div>\r\n        <hr style=\"clear: both;\">\r\n        <div style=\"height: 20px;\"></div>\r\n        <div class=\"text-center\" style=\"font: arial;\">\r\n          <h2>THE LUCKY TRAIL IN A FRAGRANCE ROUTINE</h2>\r\n          <hr style=\"clear: both;\">\r\n          <div class=\"image-container\">\r\n            <div class=\"text-center\">\r\n              <video class=\"videoDiv video-mp4\" width=\"85%\" autoplay muted loop>\r\n                <source\r\n                  src=\"/CONCASAU/DOAN/video/prod-3-description-video-1.mp4\"\r\n                  type=\"video/mp4\">\r\n              </video>\r\n            </div>\r\n          </div>\r\n        </div>\r\n      </div>\r\n '),
(4, '<div class=\"container-fluid\">\r\n        <div class=\"text-center\">\r\n          <h2>A FRAGRANCE GOOD LUCK CHARM</h2>\r\n          <div class=\"row\">\r\n            <div class=\"col-md-3 text-center\" style=\"margin:auto; font: 13px, arial;\">\r\n              What more elegant way to bring good fortune than the fragrance Lucky? An olfactory lucky charm with a\r\n              scent inspired by Christian Dior\'s most poetic superstition – sewing a sprig of Lily-of-the-Valley into\r\n              the hem of his dresses before each show – it is a fragrance you wear on your skin like a lucky star.\r\n            </div>\r\n            <div class=\"col-md-8\">\r\n              <img\r\n                src=\"/CONCASAU/DOAN/images/prod-4-description-1.jpg\"\r\n                alt=\"\" width=\"85%\">\r\n            </div>\r\n          </div>\r\n        </div>\r\n        <hr style=\"clear: both;\">\r\n        <div style=\"height: 20px;\"></div>\r\n        <div class=\"text-center\" style=\"font: arial;\">\r\n          <h2>THE LUCKY TRAIL IN A FRAGRANCE ROUTINE</h2>\r\n          <hr style=\"clear: both;\">\r\n          <img\r\n            src=\"/CONCASAU/DOAN/images/prod-4-description-2.jpg\"\r\n            alt=\"\" width=\"85%\">\r\n        </div>\r\n      </div>\r\n    '),
(5, '<div class=\"container-fluid\">\r\n        <div class=\"text-center\">\r\n          <h2>A FRAGRANCE GOOD LUCK CHARM</h2>\r\n          <hr style=\"clear: both;\">\r\n          <div class=\"row\">\r\n            <div class=\"col-md-4\">\r\n              <img style=\"border-radius: 50px;\"\r\n                src=\"/CONCASAU/DOAN/images/prod-5-description-1.jpg\"\r\n                alt=\"\" width=\"80%\">\r\n            </div>\r\n            <div class=\"col-md-4 text-center\" style=\"margin:auto; font: 20px, arial;\">\r\n              Rosy Glow universal blush is the Dior makeup artists\' secret weapon to create the appearance of naturally rosy cheeks for a fresh glowy effect.\r\n            </div>\r\n            <div class=\"col-md-4\">\r\n              <img style=\"border-radius: 50px;\"\r\n                src=\"/CONCASAU/DOAN/images/prod-5-description-2.jpg\"\r\n                alt=\"\" width=\"80%\">\r\n            </div>\r\n          </div>\r\n        </div>\r\n        <hr style=\"clear: both;\">\r\n        <div style=\"height: 20px;\"></div>\r\n        <div class=\"text-center\" style=\"font: arial;\">\r\n          <h2>FLOWERS LIKE A PROMISE OF HAPPINESS</h2>\r\n          <h5>\"Forever and always more flowers\" <br>\r\n            Like a bouquet of a thousand and one flowers, Miss Dior celebrates the extraordinary Grasse Rose. Grown on our partner estates, this emblematic flower pays homage to an exceptional terroir. An invitation to wake up to the beauty of nature.</h5>\r\n          <div class=\"image-container\">\r\n            <div class=\"text-center\">\r\n              <video class=\"videoDiv video-mp4\" width=\"85%\" autoplay muted loop>\r\n                <source\r\n                  src=\"/CONCASAU/DOAN/video/prod-5-description-video-1.mp4\"\r\n                  type=\"video/mp4\">\r\n              </video>\r\n            </div>\r\n          </div>\r\n        </div>\r\n      </div>\r\n    '),
(6, ' <div class=\"container-fluid\">\r\n        <div class=\"text-center\">\r\n          \r\n          <h2>A FRAGRANCE GOOD LUCK CHARM</h2>\r\n          <hr style=\"clear: both;\">\r\n          <div class=\"row\">\r\n            <div class=\"col-md-4\">\r\n              <img\r\n                src=\"/CONCASAU/DOAN/images/prod-6-description-1.jpg\"\r\n                alt=\"\">\r\n            </div>\r\n            <div class=\"col-md-4\">\r\n              <img\r\n                src=\"/CONCASAU/DOAN/images/prod-6-description-2.jpg\"\r\n                alt=\"\">\r\n            </div>\r\n            <div class=\"col-md-4\">\r\n              <img\r\n                src=\"/CONCASAU/DOAN/images/prod-6-description-3.jpg\"\r\n                alt=\"\">\r\n            </div>\r\n          </div>\r\n        </div>\r\n        <hr style=\"clear: both;\">\r\n        <div style=\"height: 20px;\"></div>\r\n        <div class=\"text-center\" style=\"font: arial;\">\r\n          <h2>THE LUCKY TRAIL IN A FRAGRANCE ROUTINE</h2>\r\n          <hr style=\"clear: both;\">\r\n          <img width=\"80%\"\r\n            src=\"/CONCASAU/DOAN/images/prod-6-description-4.jpg\"\r\n            alt=\"\">\r\n        </div>\r\n      </div>\r\n    '),
(7, '<div class=\"container-fluid\">\r\n    <div class=\"text-center\">\r\n      <h2>THE FIRST HIGH-COVERAGE COMPLEXION CONCEALER WITH A NATURAL GLOW FINISH</h2>\r\n      <div class=\"row\">\r\n        <div class=\"col-md-8\">\r\n          <img\r\n            src=\"/CONCASAU/DOAN/images/prod-7-description-1.jpg\"\r\n            width=\"85%\" alt=\"\">\r\n        </div>\r\n        <div class=\"col-md-4 text-center\" style=\"margin:auto; font: 13px, arial;\">\r\n            Composed with 22% pigments, this face and body complexion concealer ensures a high-coverage finish.\r\n        </div>\r\n      </div>\r\n    </div>\r\n    <hr style=\"clear: both;\">\r\n    <div style=\"height: 20px;\"></div>\r\n    <div class=\"text-center\">\r\n        <h2>THE SIGNATURE FRESHNESS OF DIOR HOMME SPORT <br>\r\n          LIKE A BOXER\'S UPPERCUT</h2>\r\n        <hr style=\"clear: both;\">\r\n        <div class=\"row\">\r\n          <div class=\"col-md-4\">\r\n            <img width=\"85%\"\r\n              src=\"/CONCASAU/DOAN/images/prod-7-description-2.jpg\"\r\n              alt=\"\"><br>\r\n            <span>Imperceptible pearlescent micro-pigments boost radiance to open up the eyes, blur imperfections and brighten the complexion.</span>\r\n          </div>\r\n          <div class=\"col-md-4\">\r\n            <img width=\"85%\"\r\n              src=\"/CONCASAU/DOAN/images/prod-7-description-3.jpg\"\r\n              alt=\"\"><br>\r\n              <span>Infused with caffeine, it delivers an immediate revitalizing effect to the eye contour area.</span>\r\n          </div>\r\n          <div class=\"col-md-4\">\r\n            <img width=\"85%\"\r\n              src=\"/CONCASAU/DOAN/images/prod-7-description-4.jpg\"\r\n              alt=\"\"><br>\r\n              <span>Its waterproof, long-wearing and crease-proof formula blends seamlessly with the skin.</span>\r\n          </div>\r\n        </div>\r\n      </div>\r\n  </div>\r\n</div>\r\n    <hr style=\"clear: both;\">\r\n    <div style=\"height: 20px;\"></div>\r\n    <div class=\"text-center\">\r\n        <h2>THE SIGNATURE FRESHNESS OF DIOR HOMME SPORT <br>\r\n          LIKE A BOXER\'S UPPERCUT</h2>\r\n        <hr style=\"clear: both;\">\r\n        <div class=\"row\">\r\n          <div class=\"col-md-6\">\r\n            <img width=\"70%\"\r\n              src=\"/CONCASAU/DOAN/images/prod-7-description-5.jpg\"\r\n              alt=\"\"><br>\r\n            <span>THE JUICY, DISTINGUISHED AND ZESTY GUST OF REGGIO BERGAMOT</span>\r\n          </div>\r\n          <div class=\"col-md-6\">\r\n            <img width=\"70%\"\r\n              src=\"/CONCASAU/DOAN/images/prod-7-description-6.jpg\"\r\n              alt=\"\"><br>\r\n              <span>THE EXPLOSIVENESS OF SPICY AND PIQUANT PINK PEPPER</span>\r\n          </div>\r\n        </div>\r\n      '),
(8, '  <div class=\"container-fluid\">\r\n    <div class=\"text-center\" style=\"font: arial;\">\r\n      <h2>HOW-TO: GLOWY MAKE-UP</h2>\r\n      <div class=\"image-container\">\r\n        <div class=\"text-center\" style=\"font-size: 18px;\">\r\n          <video class=\"videoDiv video-mp4\" width=\"90%\" autoplay muted loop>\r\n            <source\r\n              src=\"/CONCASAU/DOAN/video/prod-8-description-video-1.mp4\"\r\n              type=\"video/mp4\">\r\n          </video>\r\n          <p>1. DRESS THE EYES IN PINK WITH THE NEW LIMITED-EDITION 3 COULEURS TRI(O)BLIQUE EYE PALETTE.</p>\r\n          <p>2. PERFECT YOUR EYE MAKEUP AND BOOST LASH VOLUME BY APPLYING DIORSHOW ICONIC OVERCURL MASCARA.</p>\r\n          <p>3. HIGHLIGHT YOUR COMPLEXION WITH THE ROSE GLOW SHADE OF DIOR STICK GLOW TO FLUSH THE CHEEKS WITH SUBTLE COLOR AND BRIGHTEN THE COMPLEXION.</p>\r\n          <p>4. ENHANCE YOUR LIPS WITH THE NEW SHADES OF DIOR ADDICT LIP GLOW LIP BALM AND DIOR ADDICT LIP MAXIMIZER GLOSS.</p>\r\n        </div>\r\n      </div>\r\n    </div>\r\n    <div class=\"text-center\">\r\n      <video class=\"videoDiv video-mp4\" width=\"85%\" autoplay muted loop>\r\n        <source\r\n          src=\"/CONCASAU/DOAN/video/prod-8-description-video-2.mp4\"\r\n          type=\"video/mp4\">\r\n      </video>\r\n    </div>\r\n    </div>'),
(9, '<div class=\"container-fluid\">\r\n  <div class=\"text-center\">\r\n    <h3>24H* VOLUME AND SET</h3>\r\n    <div class=\"row\">\r\n      <div class=\"col-md-8\">\r\n        <img\r\n          src=\"/CONCASAU/DOAN/images/prod-9-description-1.jpg\"\r\n          width=\"90%\" alt=\"\">\r\n      </div>\r\n      <div class=\"col-md-4 text-center\" style=\"margin:auto; font: 13px, arial;\">\r\n        Formulated with 90%* natural-origin ingredients for instant volume** with a natural finish. Its formula promises lifted, visibly fuller and tamed brows. \r\n      </div>\r\n    </div>\r\n  </div>\r\n<hr style=\"clear: both;\">\r\n  <div class=\"text-center\">\r\n    <h3>LONG WEAR AND WATERPROOF</h3>\r\n    <h5>This Dior brow mascara sets brows for 24h.*** Designed to suit the brow arch area, the brush defines their shape with precision.</h5>\r\n    <video class=\"videoDiv video-mp4\" width=\"85%\" autoplay muted loop>\r\n      <source\r\n        src=\"/CONCASAU/DOAN/video/prod-9-description-video-1.mp4\"\r\n        type=\"video/mp4\">\r\n    </video>\r\n    <p>* Amount calculated based on the ISO 16128-1 and ISO 16128-2 standard. Water percentage included. The remaining ingredients contribute to the formula’s performance, sensory appeal and stability.\r\n      ** Instrumental test on 21 subjects.</p>\r\n  </div>\r\n  </div>'),
(10, '<div class=\"container-fluid\">\r\n        <div class=\"text-center\">\r\n          <h2>A FRAGRANCE GOOD LUCK CHARM</h2>\r\n          <div class=\"row\">\r\n            <div class=\"col-md-3 text-center\" style=\"margin:auto; font: 13px, arial;\">\r\n              What more elegant way to bring good fortune than the fragrance Lucky? An olfactory lucky charm with a\r\n              scent inspired by Christian Dior\'s most poetic superstition – sewing a sprig of Lily-of-the-Valley into\r\n              the hem of his dresses before each show – it is a fragrance you wear on your skin like a lucky star.\r\n            </div>\r\n            <div class=\"col-md-8\">\r\n              <div class=\"image-container\">\r\n                <div class=\"text-center\">\r\n                  <video class=\"videoDiv video-mp4\" width=\"85%\" hautoplay muted loop>\r\n                    <source\r\n                      src=\"/CONCASAU/DOAN/video/prod-10-description-video-1.mp4\"\r\n                      type=\"video/mp4\">\r\n                  </video>\r\n                </div>\r\n              </div>\r\n            </div>\r\n          </div>\r\n        </div>\r\n        <hr style=\"clear: both;\">\r\n        <div style=\"height: 20px;\"></div>\r\n        <div class=\"text-center\">\r\n          <div class=\"row\">\r\n            <div class=\"col-md-8\">\r\n              <img width=\"85%\"\r\n                src=\"/CONCASAU/DOAN/images/prod-10-description-1.jpg\"\r\n                alt=\"\">\r\n            </div>\r\n            <div class=\"col-md-3 text-center\" style=\"margin:auto; font: 13px, arial;\">\r\n              What more elegant way to bring good fortune than the fragrance Lucky? An olfactory lucky charm with a\r\n              scent inspired by Christian Dior\'s most poetic superstition – sewing a sprig of Lily-of-the-Valley into\r\n              the hem of his dresses before each show – it is a fragrance you wear on your skin like a lucky star.\r\n            </div>\r\n          </div>  \r\n        </div>\r\n        <hr style=\"clear: both;\">\r\n        <div style=\"height: 20px;\"></div>\r\n        <div class=\"text-center\" style=\"font: arial;\">\r\n          <h5>A FRAGRANT SKINCARE RITUAL DESIGNED TO MEET THE DEMAND FOR NATURALNESS</h5>\r\n          <div class=\"image-container\">\r\n            <div class=\"text-center\">\r\n              <video class=\"videoDiv video-mp4\" width=\"85%\" autoplay muted loop>\r\n                <source\r\n                  src=\"/CONCASAU/DOAN/video/prod-10-description-video-2.mp4\"\r\n                  type=\"video/mp4\">\r\n              </video>\r\n            </div>\r\n          </div>\r\n        </div>\r\n      </div>\r\n    '),
(11, '<div class=\"container-fluid\">\r\n        <div class=\"text-center\">\r\n          <h2>A FRAGRANCE GOOD LUCK CHARM</h2>\r\n          <div class=\"row\">\r\n            <div class=\"col-md-3 text-center\" style=\"margin:auto; font: 13px, arial;\">\r\n              What more elegant way to bring good fortune than the fragrance Lucky? An olfactory lucky charm with a\r\n              scent inspired by Christian Dior\'s most poetic superstition – sewing a sprig of Lily-of-the-Valley into\r\n              the hem of his dresses before each show – it is a fragrance you wear on your skin like a lucky star.\r\n            </div>\r\n            <div class=\"col-md-7\">\r\n              <img\r\n                src=\"/CONCASAU/DOAN/images/prod-11-description-1.jpg\"\r\n                alt=\"\" width=\"85%\">\r\n            </div>\r\n            <div class=\"col-1\"></div>\r\n          </div>\r\n        </div>\r\n        <hr style=\"clear: both;\">\r\n        <div style=\"height: 20px;\"></div>\r\n        <div class=\"text-center\" style=\"font: arial;\">\r\n          <h2>THE LUCKY TRAIL IN A FRAGRANCE ROUTINE</h2>\r\n          <hr style=\"clear: both;\">\r\n          <img\r\n            src=\"/CONCASAU/DOAN/images/prod-11-description-2.jpg\"\r\n            alt=\"\" width=\"85%\">\r\n        </div>\r\n      </div>\r\n    '),
(12, '<div class=\"container-fluid\">\r\n        <div class=\"text-center\" style=\"font: arial;\">\r\n          <h2>A MANIFESTO OF VIRILITY</h2>\r\n          <div class=\"image-container\">\r\n            <div class=\"text-center\">\r\n              <video class=\"videoDiv video-mp4\" width=\"85%\" autoplay muted loop>\r\n                <source\r\n                  src=\"/CONCASAU/DOAN/video/prod-12-description-video-1.mp4\"\r\n                  type=\"video/mp4\">\r\n              </video>\r\n            </div>\r\n          </div>\r\n        </div>\r\n        <hr style=\"clear: both;\">\r\n        <div class=\"text-center\">\r\n          <h5>THE SIGNATURE FRESHNESS OF DIOR HOMME SPORT <br>\r\n            LIKE A BOXER\'S UPPERCUT</h5>\r\n          <hr style=\"clear: both;\">\r\n          <div class=\"row\">\r\n            <div class=\"col-md-4\">\r\n              <img width=\"85%\"\r\n                src=\"/CONCASAU/DOAN/images/prod-12-description-1.jpg\"\r\n                alt=\"\"><br>\r\n              <span>THE JUICY, DISTINGUISHED AND ZESTY GUST OF REGGIO BERGAMOT</span>\r\n            </div>\r\n            <div class=\"col-md-4\">\r\n              <img width=\"85%\"\r\n                src=\"/CONCASAU/DOAN/images/prod-12-description-2.jpg\"\r\n                alt=\"\"><br>\r\n                <span>THE EXPLOSIVENESS OF SPICY AND PIQUANT PINK PEPPER</span>\r\n            </div>\r\n            <div class=\"col-md-4\">\r\n              <img \r\n                src=\"/CONCASAU/DOAN/images/prod-12-description-3.jpg\"\r\n                alt=\"\" width=\"85%\"><br>\r\n                <span>THE WOODY ELEGANCE OF FRANKINCENSE, GENEROUS AND FULL</span>\r\n            </div>\r\n          </div>\r\n        </div>\r\n        <hr style=\"clear: both;\">\r\n        <div style=\"height: 10px;\"></div>\r\n        <div class=\"text-center\">\r\n          <h4>A SLEEK NEW BOTTLE</h4>\r\n          <br>\r\n          <div class=\"row\">\r\n            <div class=\"col-md-3 text-center\" style=\"margin:auto; font: 1px, arial;\">\r\n              <p>The Dior Homme monolithic bottle is renewed with a lightweight elegance. The clear glass bottle is chiseled with clean, pure lines and topped with the line\'s signature cap, a black cube marked with the DIOR HOMME logo enshrined within a crystalline cube.</p>\r\n              <p>\"It\'s a decidedly new composition, revisited with a notion of carefree elegance. A more sophisticated trail that still retains all of its trademark energy.\" </p>\r\n              <br>\r\n              <p style=\"font-style: italic;\">François Demachy, Dior Perfumer-Creator</p>\r\n            </div>\r\n            <div class=\"col-md-9 text-center\">\r\n              <img width=\"85%\"\r\n                src=\"/CONCASAU/DOAN/images/prod-12-description-4.jpg\"\r\n                alt=\"\">\r\n            </div>\r\n          </div>\r\n        </div>\r\n        <div style=\"height: 30px;\"></div>\r\n        <div class=\"text-center\" style=\"font: arial;\">\r\n          <h2>\"IF YOU WANT A BOXER, I WILL STEP INTO THE RING FOR YOU.\"</h2>\r\n          <div class=\"image-container\">\r\n            <div class=\"text-center\">\r\n              <video class=\"videoDiv video-mp4\" width=\"85%\" autoplay muted loop>\r\n                <source\r\n                  src=\"/CONCASAU/DOAN/video/prod-12-description-video-2.mp4\"\r\n                  type=\"video/mp4\">\r\n              </video>\r\n            </div>\r\n          </div>\r\n        </div>\r\n      </div>\r\n '),
(13, '<div class=\"container-fluid\">\r\n        <div class=\"text-center\" style=\"font: arial;\">\r\n          <h2>A MANIFESTO OF VIRILITY</h2>\r\n          <div class=\"image-container\">\r\n            <div class=\"text-center\">\r\n              <video class=\"videoDiv video-mp4\" width=\"85%\" autoplay muted loop>\r\n                <source\r\n                  src=\"/CONCASAU/DOAN/video/prod-13-description-video-1.mp4\"\r\n                  type=\"video/mp4\">\r\n              </video>\r\n            </div>\r\n          </div>\r\n        </div>\r\n        <hr style=\"clear: both;\">\r\n        <div class=\"text-center\">\r\n          <h5>THE SIGNATURE FRESHNESS OF DIOR HOMME SPORT <br>\r\n            LIKE A BOXER\'S UPPERCUT</h5>\r\n          <hr style=\"clear: both;\">\r\n          <div class=\"row\">\r\n            <div class=\"col-md-4\">\r\n              <img width=\"85%\"\r\n                src=\"/CONCASAU/DOAN/images/prod-13-description-1.jpg\"\r\n                alt=\"\"><br>\r\n              <span>Created by François Demachy, Dior Perfumer-Creator </span>\r\n            </div>\r\n            <div class=\"col-md-4\">\r\n              <img width=\"85%\"\r\n                src=\"/CONCASAU/DOAN/images/prod-13-description-2.jpg\"\r\n                alt=\"\"><br>\r\n                <span>Powerful and inviting Rum Absolute is extracted from a Martinican rum</span>\r\n            </div>\r\n            <div class=\"col-md-4\">\r\n              <img width=\"85%\"\r\n                src=\"/CONCASAU/DOAN/images/prod-13-description-3.jpg\"\r\n                alt=\"\"><br>\r\n                <span>At a crossroads of spices, Spice Blend intrigues with its powerful and fresh yet fiery signature.</span>\r\n            </div>\r\n          </div>\r\n        </div>\r\n        <hr style=\"clear: both;\">\r\n        <div style=\"height: 10px;\"></div>\r\n        <div class=\"text-center\">\r\n          <h4>A SLEEK NEW BOTTLE</h4>\r\n          <br>\r\n          <div class=\"row\">\r\n            <div class=\"col-md-3 text-center\" style=\"margin:auto; font: 1px, arial;\">\r\n              <p>\"While I don\'t recall the scent of the famous Bay Rhum aftershave, I do remember a bottle in my father\'s medicine cabinet piquing my curiosity. Spice Blend is the olfactory translation of an exotic image that emerges from my childhood. The warm signature of this fragrance is highlighted by a surprising multitude of intertwining spices in dialogue. Like a gust of wind, Spice Blend leaves us wondering if it fans the fire or cools it down.\"</p>\r\n              <br>\r\n              <p style=\"font-style: italic;\">François Demachy, Dior Perfumer-Creator</p>\r\n            </div>\r\n            <div class=\"col-md-9 text-center\">\r\n              <img width=\"85%\"\r\n                src=\"/CONCASAU/DOAN/images/prod-13-description-4.jpg\"\r\n                alt=\"\">\r\n            </div>\r\n          </div>\r\n        </div>\r\n        <div style=\"height: 30px;\"></div>\r\n      </div>\r\n    '),
(14, '<div class=\"container-fluid\">\r\n        <div class=\"text-center\">\r\n          <h2>A FRAGRANCE GOOD LUCK CHARM</h2>\r\n          <div class=\"row\">\r\n            \r\n            <div class=\"col-md-3 text-center\" style=\"margin:auto; font: 13px, arial;\">\r\n              What more elegant way to bring good fortune than the fragrance Lucky? An olfactory lucky charm with a\r\n              scent inspired by Christian Dior\'s most poetic superstition – sewing a sprig of Lily-of-the-Valley into\r\n              the hem of his dresses before each show – it is a fragrance you wear on your skin like a lucky star.\r\n            </div>\r\n            <div class=\"col-md-7\">\r\n              <img width=\"85%\"\r\n                src=\"/CONCASAU/DOAN/images/prod-14-description-1.jpg\"\r\n                alt=\"\">\r\n            </div>\r\n            <div class=\"col-1\"></div>\r\n          </div>\r\n        </div>\r\n        <hr style=\"clear: both;\">\r\n        <div style=\"height: 20px;\"></div>\r\n        <div class=\"text-center\" style=\"font: arial;\">\r\n          <h2>THE LUCKY TRAIL IN A FRAGRANCE ROUTINE</h2>\r\n          <hr style=\"clear: both;\">\r\n          <div class=\"row\">\r\n            <div class=\"col-md-7\">\r\n              <img width=\"85%\"\r\n            src=\"/CONCASAU/DOAN/images/prod-14-description-2.jpg\"\r\n            alt=\"\">\r\n            </div>\r\n            <div class=\"col-1\"></div>\r\n            <div class=\"col-md-3 text-center\" style=\"margin:auto; font: 13px, arial;\">\r\n              What more elegant way to bring good fortune than the fragrance Lucky? An olfactory lucky charm with a\r\n              scent inspired by Christian Dior\'s most poetic superstition – sewing a sprig of Lily-of-the-Valley into\r\n              the hem of his dresses before each show – it is a fragrance you wear on your skin like a lucky star.\r\n            </div>\r\n            \r\n            <div class=\"col-1\"></div>\r\n          </div>\r\n          \r\n        </div>\r\n<div style=\"height: 20px;\"></div>\r\n                <div class=\"text-center\">\r\n                <div class=\"caption-top\">\r\n                    <img width=\"100%\"\r\n                    src=\"/CONCASAU/DOAN/images/dior-footer.jpg\"\r\n                    alt=\"\">\r\n                </div> \r\n                </div>\r\n      </div>\r\n   '),
(15, '<div class=\"container-fluid\">\r\n        <div class=\"text-center\">\r\n          <h5>BLUE DE CHANEL</h5>\r\n          <div style=\"height: 30px;\"></div>\r\n          <div class=\"row\">\r\n            <div class=\"col-md-3\">\r\n              <img width=\"85%\"\r\n                src=\"/CONCASAU/DOAN/images/prod-15-description-1.jpg\"\r\n                alt=\"\"><br><br>\r\n                <h6><span>1. TƯƠI MỚI</span></h6>\r\n                <p>GEL TẮM\r\n                  <br>Làm sạch dịu nhẹ và mang lại hương thơm tươi mát.\r\n                </p>\r\n            </div>\r\n            <div class=\"col-md-3\">\r\n              <img width=\"85%\"\r\n                src=\"/CONCASAU/DOAN/images/prod-15-description-2.jpg\"\r\n                alt=\"\"><br><br>\r\n                <h6><span>2. SẢNG KHOÁI</span></h6>\r\n                <p>NƯỚC CÂN BẰNG DA SAU CẠO RÂU\r\n                  <br>Lưu lại trên da một mùi hương tinh tế\r\n                </p>\r\n            </div>\r\n            <div class=\"col-md-3\">\r\n              <img width=\"85%\"\r\n                src=\"/CONCASAU/DOAN/images/prod-15-description-3.jpg\"\r\n                alt=\"\"><br><br>\r\n                <h6><span>3. ẨM MƯỢT</span></h6>\r\n                <p>KEM DƯỠNG 2-IN-1 CHO MẶT VÀ RÂU\r\n                  <br>Dưỡng ẩm cho da, làm mềm da mặt\r\n                </p>\r\n            </div>\r\n            <div class=\"col-md-3\">\r\n              <img width=\"85%\"\r\n                src=\"/CONCASAU/DOAN/images/prod-15-description-4.jpg\"\r\n                alt=\"\"><br><br>\r\n                <h6><span>4. LƯU HƯƠNG</span></h6>\r\n                <p>EAU DE PARFUM\r\n                  <br>Hoàn thành chu trình chăm sóc cơ thể của bạn với BLEU DE CHANEL Eau de Parfum\r\n                </p>\r\n            </div>\r\n          </div>\r\n        </div>\r\n        <hr style=\"clear: both;\">\r\n        <div style=\"height: 40px;\"></div>\r\n        <div class=\"text-center\">\r\n          <div class=\"row\">\r\n            \r\n            <div class=\"col-md-4 text-center\" style=\"margin:auto; font: 13px, arial;\" >\r\n              <h3 style=\"font-style: italic;\">DÒNG SẢN PHẨM <br>BLEU DE CHANEL</h3>\r\n              BLEU DE CHANEL, dòng sản phẩm gồm nước hoa, sản phẩm tắm và chăm sóc cơ thể, chăm sóc da và cạo râu, với sự hòa quyện của những nốt hương tinh tế từ thảo mộc và nồng nàn từ gỗ.\r\n            </div>\r\n            <div class=\"col-md-5\">\r\n              <img width=\"85%\"\r\n                src=\"/CONCASAU/DOAN/images/prod-15-description-5.jpg\"\r\n                alt=\"\">\r\n            </div>\r\n            <div class=\"col-1\"></div>\r\n          </div>\r\n        </div>\r\n        <hr style=\"clear: both;\">\r\n        <div style=\"height: 20px;\"></div>\r\n        <div class=\"text-center\" style=\"font: arial;\" >\r\n          <hr style=\"clear: both;\">\r\n          <div class=\"caption-top\">\r\n            <img width=\"100%\"\r\n              src=\"/CONCASAU/DOAN/images/dior-footer.jpg\"\r\n              alt=\"\">\r\n          </div> \r\n        </div>'),
(16, '<div class=\"container-fluid\">\r\n        <div class=\"text-center\">\r\n          <h5>BLUE DE CHANEL</h5>\r\n          <div style=\"height: 30px;\"></div>\r\n          <div class=\"row\">\r\n            <div class=\"col-md-3\">\r\n              <img width=\"85%\"\r\n                src=\"/CONCASAU/DOAN/images/prod-16-description-1.jpg\"\r\n                alt=\"\"><br><br>\r\n                <h6><span>1. TƯƠI MỚI</span></h6>\r\n                <p>GEL TẮM\r\n                  <br>Làm sạch dịu nhẹ và mang lại hương thơm tươi mát.\r\n                </p>\r\n            </div>\r\n            <div class=\"col-md-3\">\r\n              <img width=\"85%\"\r\n                src=\"/CONCASAU/DOAN/images/prod-16-description-2.jpg\"\r\n                alt=\"\"><br><br>\r\n                <h6><span>2. SẢNG KHOÁI</span></h6>\r\n                <p>After Shave Lotion\r\n                  <br>Lưu lại trên da một mùi hương tinh tế.\r\n                </p>\r\n            </div>\r\n            <div class=\"col-md-3\">\r\n              <img width=\"85%\"\r\n                src=\"/CONCASAU/DOAN/images/prod-16-description-3.jpg\"\r\n                alt=\"\"><br><br>\r\n                <h6><span>3. ẨM MƯỢT</span></h6>\r\n                <p>AFTER SHAVE MOISTURIZER\r\n                  <br>Moisturizes skin, soothes razor burn.\r\n                </p>\r\n            </div>\r\n            <div class=\"col-md-3\">\r\n              <img width=\"85%\"\r\n                src=\"/CONCASAU/DOAN/images/prod-16-description-4.jpg\"\r\n                alt=\"\"><br><br>\r\n                <h6><span>4. LƯU HƯƠNG</span></h6>\r\n                <p>Hoàn thALLURE HOMME SPORT EAU DE TOILETTE \r\n                  <br>Hoàn thiện chu trình chăm sóc cơ thể của bạn với ALLURE HOMME SPORT Eau de Toilette.\r\n                </p>\r\n            </div>\r\n          </div>\r\n        </div>\r\n        <hr style=\"clear: both;\">\r\n        <div style=\"height: 40px;\"></div>\r\n        <div class=\"text-center\">\r\n          <div class=\"row\">\r\n            <div class=\"col-2\"></div>\r\n            <div class=\"col-md-4 text-center\" style=\"margin:auto; font: 13px, arial;\" >\r\n              <h1 style=\"font-style: italic;\">ALLURE HOMME CHANEL</h1>\r\n              Một hương thơm tươi mát và phảng phất mùi gỗ ấm\r\n            </div>\r\n            <div class=\"col-md-5\">\r\n              <img width=\"85%\"\r\n                src=\"/CONCASAU/DOAN/images/prod-16-description-5.jpg\"\r\n                alt=\"\">\r\n            </div>\r\n            <div class=\"col-1\"></div>\r\n          </div>\r\n        </div>\r\n        <hr style=\"clear: both;\">\r\n        <div style=\"height: 20px;\"></div>\r\n        <div class=\"text-center\" style=\"font: arial;\" >\r\n          <hr style=\"clear: both;\">\r\n          <div class=\"caption-top\">\r\n            <img width=\"100%\"\r\n              src=\"/CONCASAU/DOAN/images/dior-footer.jpg\"\r\n              alt=\"\">\r\n          </div> \r\n        </div>'),
(17, '<div class=\"container-fluid\">\r\n        <div class=\"text-center\">\r\n          <img\r\n            src=\"/CONCASAU/DOAN/images/prod-17-description-1.jpg\"\r\n             width=\"100%\" alt=\"\">\r\n        </div>\r\n        <div style=\"height: 40px;\"></div>\r\n        <hr style=\"clear: both;\">\r\n        <div class=\"text-center\">\r\n          <h1>DISCOVER THE Y COLLECTION</h1>\r\n          <div class=\"row\">\r\n            <div class=\"col-md-4\">\r\n              <img width=\"85%\"\r\n                src=\"/CONCASAU/DOAN/images/prod-17-description-2.jpg\"\r\n                alt=\"\"><br>\r\n              <b style=\"font-size: 1.5rem;\">Y EAU DE PARFUM</b> <br>\r\n            </div>\r\n            <div class=\"col-md-4\">\r\n              <img width=\"85%\"\r\n                src=\"/CONCASAU/DOAN/images/prod-17-description-3.jpg\"\r\n                alt=\"\"><br>\r\n                <b style=\"font-size: 1.5rem;\">Y EAU DE TOILETTE</b> <br>                \r\n            </div>\r\n            <div class=\"col-md-4\">\r\n              <img width=\"85%\"\r\n                src=\"/CONCASAU/DOAN/images/prod-17-description-4.jpg\"\r\n                alt=\"\"><br>\r\n                <b style=\"font-size: 1.5rem;\">Y EAU FRAICHE</b> <br>               \r\n            </div>\r\n          </div>\r\n        </div>\r\n        <div style=\"height: 40px;\"></div>\r\n        <hr style=\"clear: both;\">\r\n        <div class=\"text-center\">\r\n          <div class=\"row\">\r\n            <div class=\"col-md-6\">\r\n              <img width=\"85%\"\r\n                src=\"/CONCASAU/DOAN/images/prod-17-description-5.jpg\"\r\n                alt=\"\">\r\n            </div>\r\n            <div class=\"col-md-6 text-center\" style=\"font: 13px, arial; margin-top: 100px;\">\r\n              <b style=\"font-size: 1.5rem;\">DARE TO ASK YOURSELF \"WHY NOT?\".</b> <br>\r\n              Daring, determined, cool and charismatic, always pushing back boundaries. And above all, the constant drive for self-accomplishment, Lenny Kravitz is the very embodiment of Y\'s values. Because he\'s always ready to meet any challenges. Going higher. keeping every path open.\r\n              <br>\r\n              In this new campaign, Lenny Kravitz shares with us his own story. That moment when he asked himself and the world: WHY NOT?\r\n            </div>\r\n            \r\n          </div>\r\n        </div>\r\n      </div>'),
(18, '<div class=\"container-fluid\">\r\n        <div class=\"text-center\">\r\n          <h2>LEGENDARY & UNPREDICTABLE</h2>\r\n          <div class=\"row\">\r\n            <div class=\"col-md-5 text-center\" style=\"margin:auto; font: 13px, arial;\">\r\n              TOP NOTES <br>\r\n              Apple, Bergamot, Blackcurrant Leaves, Pineapple <br> <br>\r\n\r\n              MIDDLE NOTES <br>\r\n              Birch, Jasmine, Patchouli, Pink Berries<br><br>\r\n\r\n              BASE NOTES<br>\r\n              Ambergris, Musk, Oakmoss, Vanilla\r\n            </div>\r\n            <div class=\"col-md-7\">\r\n              <img width=\"85%\"\r\n                src=\"/CONCASAU/DOAN/images/prod-18-description-1.jpg\"\r\n                alt=\"\">\r\n            </div>\r\n          </div>\r\n        </div>\r\n        <hr style=\"clear: both;\">\r\n        <div style=\"height: 20px;\"></div>\r\n        <div class=\"text-center\" style=\"font: arial;\">\r\n          <h2>THE EXCEPTIONAL AVENTUS <br>\r\n            WAS INSPIRED BY THE DRAMATIC LIFE OF A HISTORIC EMPEROR\r\n            </h2>\r\n          <hr style=\"clear: both;\">\r\n          <div class=\"row\">\r\n            <div class=\"col-md-4\">\r\n              <img width=\"85%\"\r\n                src=\"/CONCASAU/DOAN/images/prod-18-description-2.jpg\"\r\n                alt=\"\">\r\n            </div>\r\n            <div class=\"col-md-4\">\r\n              <img width=\"85%\"\r\n                src=\"/CONCASAU/DOAN/images/prod-18-description-3.jpg\"\r\n                alt=\"\">\r\n            </div>\r\n            <div class=\"col-md-4\">\r\n              <img width=\"85%\"\r\n                src=\"/CONCASAU/DOAN/images/prod-18-description-4.jpg\"\r\n                alt=\"\">\r\n            </div>\r\n          </div>\r\n        </div>\r\n      </div>\r\n'),
(19, '<div class=\"container-fluid\"> \r\n        <div class=\"text-center\" style=\"font: arial;\">\r\n          <h2>THE CONCEPT</h2>\r\n<h5> The One for Men Eau de Parfum is part of the iconic world of The One, offering a deeper fragrance experience for the perfume connoisseur.\r\n\r\nMasculine and magnetic, this highly intense scent is a statement of charisma and sophistication. </h5>\r\n          <hr style=\"clear: both;\">\r\n          \r\n          <img width=\"90%\"\r\n            src=\"/CONCASAU/DOAN/images/prod-19-description-1.jpg\"\r\n            alt=\"\">\r\n        </div>\r\n\r\n        <div style=\"height: 100px;\"></div>\r\n        <hr style=\"clear: both;\">\r\n        <div class=\"text-center\" style=\"font: arial;\">\r\n          <h2>THE DESIGN</h2>\r\n<h5> The elegantly massive glass bottle features clean, geometric lines with a refined, classic design, adorned by a silver neck crowned by a sophisticated rectangular cap in brushed brown metal. The One for Men bottle symbolizes the contemporary luxury of Dolce&Gabbana. The proportions of the bottle recall a tailored suit made by the fashion house </h5>\r\n          <hr style=\"clear: both;\">\r\n          \r\n          <img width=\"90%\"\r\n            src=\"/CONCASAU/DOAN/images/prod-19-description-2.jpg\"\r\n            alt=\"\">\r\n        </div>\r\n        </div>'),
(20, '<div class=\"text-center\">\r\n          <div class=\"row\">\r\n           \r\n            <div class=\"col-md-4 text-center\" style=\"margin:auto; font: 13px, arial;\" >\r\n              <h1 style=\"font-style: italic;\">\r\nEau <br> Sauvage <br> Extrême</h1>\r\n              Dior Eau Sauvage Extreme sở hữu các nốt hương đắm say\r\n            </div>\r\n            <div class=\"col-md-4\">\r\n              <img width=\"90%\"               \r\n src=\"/CONCASAU/DOAN/images/prod-20-description-1.jpg\"\r\n                alt=\"\">\r\n            </div>\r\n           <div class=\"col-md-1\"></div>\r\n          </div>\r\n        </div>'),
(21, '<div class=\"text-center\">\r\n          <div class=\"row\">\r\n<div class=\"col-1\"></div>\r\n<div class=\"col-md-5\">\r\n              <img width=\"90%\"\r\n                src=\"/CONCASAU/DOAN/images/prod-21-description-1.jpg\"\r\n                alt=\"\">\r\n            </div>\r\n            \r\n            <div class=\"col-md-4 text-center\" style=\"margin:auto; font: 13px, arial;\" >\r\n              <h1 style=\"font-style: italic;\">Dior <br> Fahrenheit <br> de toilette</h1>\r\n              Nước hoa Dior Fahrenheit Eau De Toilette – tinh hoa quyến rũ từ Dior dành cho nam giới\r\n            </div>\r\n            \r\n            <div class=\"col-2\"></div>\r\n          </div>\r\n        </div>'),
(22, '<div class=\"container-fluid\" style=\"padding-left: 25px;\">\r\n                <div class=\"row\">\r\n                    <div class=\"col-md-6\">\r\n                        <img width=\"90%\" src=\"/CONCASAU/DOAN/images/prod-22-description-1.jpg\">\r\n                    </div>\r\n                    <div class=\"col-md-6\">\r\n                        <img width=\"90%\" src=\"/CONCASAU/DOAN/images/prod-22-description-2.jpg\">\r\n                    </div>\r\n                </div>\r\n                <br>\r\n                <div class=\"row\">\r\n                    <div class=\"col-md-6\">\r\n                        <img width=\"90%\" src=\"/CONCASAU/DOAN/images/prod-22-description-3.jpg\">\r\n                    </div>\r\n                    <div class=\"col-md-6\">\r\n                        <img width=\"90%\" src=\"/CONCASAU/DOAN/images/prod-22-description-4.jpg\">\r\n                    </div>\r\n                </div>            \r\n                    \r\n                        <div class=\"text-center\">\r\n                            <h2>THE EAU DE PARFUM INTENSE, A FLORAL FIREWORK</h2>\r\n                        </div>\r\n                        <div class=\"image-container\">\r\n                            <div class=\"text-center\">\r\n                              <video class=\"videoDiv video-mp4\" width=\"90%\" autoplay muted loop>\r\n                                <source \r\n                                  src=\"/CONCASAU/DOAN/video/prod-22-description-video-1.mp4\"\r\n                                  type=\"video/mp4\">\r\n                              </video>\r\n                            </div>\r\n                          </div>\r\n                    \r\n            </div>'),
(23, '<div class=\"container-fluid\">\r\n                <div class=\"text-center\">\r\n                  <h2>CHANCE EAU TENDRE</h2>\r\n                  <div class=\"row\">\r\n                    <div class=\"col-md-7\">\r\n                        <img width=\"90%\"\r\n                          src=\"/CONCASAU/DOAN/images/prod-23-description-1.jpg\"\r\n                          alt=\"\">\r\n                      </div>\r\n                    <div class=\"col-md-3 text-center\" style=\"margin:auto; font: 13px, arial;\">\r\n                        <h2>NƯỚC HOA EAU DE PARFUM</h2>\r\n                        Mùi hương tinh tế đan xen giữa hương bưởi và mộc qua với tinh chất hoa nhài và hoa hồng dịu nhẹ. Hiện có sẵn với các dung tích khác nhau phù hợp cho dùng tại nhà hay mang theo bên mình dù bất cứ đâu.\r\n                    </div>\r\n                    <div class=\"col-2\"></div>\r\n                  </div>\r\n                </div>\r\n                <hr style=\"clear: both;\">\r\n                <div style=\"height: 20px;\"></div>\r\n                <div class=\"text-center\">\r\n                        <img width=\"80%\"\r\n                      src=\"/CONCASAU/DOAN/images/prod-23-description-2.jpg\"\r\n                      alt=\"\">  \r\n                <div> \r\n                    <br>\r\n                  <h4 style=\"font: caption;\">BỘ SẢN PHẨM EAU DE PARFUM & NƯỚC HOA DÀNH CHO TÓC</h4>\r\n                  <br>\r\n                  <h6>Bộ đôi phiên bản giới hạn giúp tăng cường trải nghiệm mùi hương CHANCE EAU TENDRE. Bộ sản phẩm bao gồm nước hoa Eau de Parfum dung tích 35 ml và Nước hoa dành cho Tóc được chứa bên trong chiếc túi màu hồng đặc trưng.</h6>\r\n                </div>\r\n                </div>\r\n                <div style=\"height: 20px;\"></div>\r\n                <div class=\"text-center\">\r\n                <hr style=\"clear: both;\">\r\n                <div class=\"caption-top\">\r\n                    <img width=\"100%\"\r\n                    src=\"/CONCASAU/DOAN/images/dior-footer.jpg\"\r\n                    alt=\"\">\r\n                </div> \r\n                </div>\r\n        </div>\r\n              '),
(24, '<div class=\"text-center\">\r\n                <div class=\"row\">\r\n                  <div class=\"col-2\"></div>\r\n                  <div class=\"col-md-5\">\r\n                    <img width=\"90%\"\r\n                      src=\"/CONCASAU/DOAN/images/prod-24-description-1.jpg\"\r\n                      alt=\"\">\r\n                  </div>\r\n                  <div class=\"col-md-4 text-center\" style=\"margin:auto; font: 13px, arial;\" >\r\n                    <h2 style=\"font-style: italic;\">COCO<br>MADEMOISELLE</h2>\r\n                    Hương nước hoa nồng nàn đầy nữ tính với nốt hương patchouli và cỏ vetiver đậm đà, được tô điểm bởi các nốt hương từ hoa hồng, hoa nhài và hương cam tươi mát. Sức hút của người phụ nữ sống động và đầy đam mê.\r\n                  </div>\r\n                  <div class=\"col-1\"></div>\r\n                </div>\r\n              </div>\r\n              <div style=\"height: 80px;\"></div>\r\n              <div class=\"text-center\">\r\n                <div class=\"row\">\r\n                  <div class=\"col-2\"></div>\r\n                  <div class=\"col-md-4 text-center\" style=\"margin:auto; font: 13px, arial;\" >\r\n                    <h3 style=\"font-style: italic;\">COCO MADEMOISELLE</h3>\r\n                    <span style=\"font-size: 2em; font-weight: 900;\">SỨC HÚT CỦA NGƯỜI PHỤ NỮ SỐNG ĐỘNG VÀ ĐẦY ĐAM MÊ</span>\r\n                  </div>\r\n                  <div class=\"col-md-5\">\r\n                    <img width=\"90%\"\r\n                      src=\"/CONCASAU/DOAN/images/prod-24-description-2.jpg\"\r\n                      alt=\"\">\r\n                  </div>\r\n                  <div class=\"col-1\"></div>\r\n                </div>\r\n              </div>\r\n              <hr style=\"clear: both;\">\r\n                <div style=\"height: 20px;\"></div>\r\n                <div class=\"text-center\" style=\"font: arial;\" >\r\n                <hr style=\"clear: both;\">\r\n                <div class=\"caption-top\">\r\n                    <img width=\"100%\"\r\n                    src=\"/CONCASAU/DOAN/images/dior-footer.jpg\"\r\n                    alt=\"\">\r\n                </div> \r\n                </div>'),
(25, '<div class=\"container-fluid\">\r\n                \r\n                <div class=\"text-center\">\r\n                        <img width=\"100%\"\r\n                      src=\"/CONCASAU/DOAN/images/prod-25-description-1.jpg\"\r\n                      alt=\"\">  \r\n                      <div style=\"position: static; bottom: 450px; left: 350px;\"> <h5>THE PARFUM</h5> <br> <h1>CRISTALLE </h1></div>\r\n                <div> \r\n                    <br>\r\n                  \r\n                  <h6>\r\n                    CRISTALLE lấy cảm hứng từ sự yêu thích của Gabrielle Chanel đối với không khí <br> sảng khoái và tràn đầy sinh lực của một kỳ nghỉ cuối tuần nơi vùng quê yên bình, nơi <br> sự nữ tính được truyền tải vừa thuần khiết vừa tinh tế. Cái tên CRISTALLE thể hiện <br> sự trong suốt và thuần khiết của hương nước hoa này. Dòng nước hoa CRISTALLE <br> bao gồm các phiên bản EAU DE PARFUM, EAU DE TOILETTE và EAU DE TOILETTE CONCENTRÉE CRISTALLE EAU VERTE.</h6>\r\n                </div>\r\n                </div>\r\n                <div style = \"height: 150px\"></div>\r\n                <div class=\"text-center\">\r\n                <div class=\"caption-top\">\r\n                    <img width=\"100%\"\r\n                    src=\"/CONCASAU/DOAN/images/dior-footer.jpg\"\r\n                    alt=\"\">\r\n                </div> \r\n                </div>\r\n        </div>\r\n             ');
INSERT INTO `tbl_description` (`product_id`, `review_content`) VALUES
(26, '<div class=\"text-center\">\r\n                <div class=\"row\">\r\n                  <div class=\"col-2\"></div>\r\n                  <div class=\"col-md-4 text-center\" style=\"margin:auto; font: 13px, arial;\" >\r\n                    <h1>ESSENCE</h1>\r\n                    <h5>Mang đậm nét nữ tính, GABRIELLE CHANEL ESSENCE là mùi hương của người phụ nữ rạng rỡ đầy sức sống.\r\n                                \r\n                    </h5>\r\n                  </div>\r\n                  <div class=\"col-md-5\">\r\n                    <img width=\"90%\"\r\n                      src=\"/CONCASAU/DOAN/images/prod-26-description-1.jpg\"\r\n                      alt=\"\">\r\n                  </div>\r\n                  <div class=\"col-1\"></div>\r\n                </div>\r\n              </div>\r\n              <hr style=\"clear: both;\">\r\n              <div style=\"height: 20px;\"></div>\r\n              <div class=\"text-center\" style=\"font: arial;\" >\r\n                <hr style=\"clear: both;\">\r\n                <div class=\"caption-top\">\r\n                  <img width=\"100%\"\r\n                    src=\"/CONCASAU/DOAN/images/prod-26-description-2.jpg\"\r\n                    alt=\"\">\r\n                    <div class=\"container caption\" style=\"border-radius: 0%; position: static; bottom: 370px; right: 450px;\">\r\n                        <span>\r\n                            <span style=\"font-size: 1.5rem;\"> THEO DẤU MÙI HƯƠNG </span>\r\n                            <br>\r\n                            <span style=\"font-size: 1.3rem; font: bolder;\"> Gabrielle - Coco Chanel </span>\r\n                        </span>\r\n                    </div>\r\n                </div> \r\n              </div>\r\n              <div class=\"text-center\" style=\"font: arial;\" >\r\n                <hr style=\"clear: both;\">\r\n                <div class=\"caption-top\">\r\n                  <img width=\"100%\"\r\n                    src=\"\r\n/CONCASAU/DOAN/images/dior-footer.jpg\"\r\n                    alt=\"\">\r\n                </div> \r\n              </div>'),
(27, '<div class=\"container-fluid text-center\">\r\n                <div class=\"row\">\r\n                    <div class=\"col-md-4 text-center\" style=\"margin: auto;\">\r\n                        <h3>THE CONCEPT</h3>\r\n                        The first Eau de Toilette in the Dolce collection, Dolce Rose celebrates the most iconic of flowers – a symbol of love, beauty and femininity and one of Dolce&Gabbana’s iconic patterns. Joyful and full of energy, Dolce Rose is a rose of exquisite allure.\r\n                    </div>\r\n                    <div class=\"col-md-4 text-center\">\r\n                        <div class=\"caption-top\">\r\n                            <img width=\"90%\"\r\n                            src=\"/CONCASAU/DOAN/images/prod-27-description-1.jpg\"\r\n                            alt=\"\">\r\n                        </div> \r\n                    </div>\r\n                    <div class=\"col-md-4 text-center\" style=\"margin: auto;\">\r\n                        <h3>THE DESIGN</h3>\r\n                        The flacon shares the soft curves and elegant, feminine silhouette of the original Dolce scent, but now the glass takes on a luminous rosy hue, recalling the rose at the heart of the fragrance. The iconic flower cap is reimagined in vibrant red, expressing the vivid personality of the Dolce girl and the captivating facets of the Dolce Rose scent. The bottle is adorned with a thin black grosgrain ribbon, tied in an elegant bow.\r\n                    </div>\r\n                </div>\r\n                <hr style=\"clear: both;\">\r\n                <div class=\"text-center\">\r\n                    <h2>THE FRAGRANCE</h2>\r\n                    <div class=\"caption-top\">\r\n                    \r\n                    </div> \r\n                </div>\r\n            </div>'),
(28, '<div class=\"container-fluid text-center\">\r\n                <div class=\"row\">\r\n                    <div class=\"col-md-4 text-center\" style=\"margin: auto;\">\r\n                        <h3>THE CONCEPT</h3>\r\n                        Dolce&Gabbana Light Blue: the quintessence of the joy of life and seduction by Dolce&Gabbana.                    </div>\r\n                    <div class=\"col-md-4 text-center\">\r\n                        <div class=\"caption-top\">\r\n                            <img width=\"90%\"\r\n                            src=\"/CONCASAU/DOAN/images/prod-28-description-1.jpg\"\r\n                            alt=\"\">\r\n                        </div> \r\n                    </div>\r\n                    <div class=\"col-md-4 text-center\" style=\"margin: auto;\">\r\n                        <h3>THE DESIGN</h3>\r\n                        The Dolce&Gabbana Light Blue perfumes represent the aroma of sparkling summer days yielding to evocative evenings. They describe a story in which man meets woman. Domenico Dolce and Stefano Gabbana are extremely proud of Light Blue’s legacy, which includes several perfume awards. Dolce&Gabbana Light Blue featured in an exhibition at the Museum of Arts and Design in New York as one of the century’s most ground-breaking scents.                    </div>\r\n                </div>\r\n                <hr style=\"clear: both;\">\r\n                <div class=\"text-center\">\r\n                    <h2>THE FRAGRANCE</h2>\r\n                    <hr style=\"clear: both;\">\r\n                    <div class=\"row\"> \r\n                        <div class=\"caption-top col-md-7\">\r\n                            <img width=\"90%\"\r\n                            src=\"/CONCASAU/DOAN/images/prod-28-description-2.jpg\"\r\n                            alt=\"\">\r\n                        </div> \r\n                        <div class=\"col-md-4\" style=\"margin: auto;\">\r\n                            <h2>THE ADVERTISING CAMPAIGN</h2>\r\n                            Summer 2022 marks a new chapter of the Light Blue campaign where the iconic couple, Bianca Balti and David Gandy, unite in the enchanted setting of Capri. Following a story of the intense seduction when love begins, the couple found a new intimacy of their love, now deeper and more profound than ever. Revealing a shared life filled with tenderness and eternal love, celebrated by fascinating photographs that evoke the warmth and beauty of the Italian summer.\r\n                        </div>\r\n                    </div>\r\n                </div>\r\n            </div>'),
(29, '<div class=\"row\">\r\n                    <div class=\"col-md-10\">\r\n                      <div class=\"row\">\r\n                        <div class=\"col-md-6 d-none d-sm-block\" style=\"padding-left: 50px;\">\r\n                          <img width = \"auto\"\r\n                            src=\"/CONCASAU/DOAN/images/prod-29-description-1.jpg\"\r\n                            alt=\"FRANCOIS QUOTE\">\r\n                          \r\n                      </div>\r\n                      <div class=\"col-md-6 d-none d-sm-block\">\r\n                        <img width = \"auto\"\r\n\r\n                        src=\"/CONCASAU/DOAN/images/prod-29-description-2.jpg\"\r\n                        alt=\"\">\r\n                    </div>\r\n                    </div>\r\n                    <div class=\"col-2\">\r\n                    \r\n                    </div>\r\n                  </div>\r\n<div class=\"container-fluid\">\r\n                <div class=\"text-center\">\r\n                    <h2>JOY BY DIOR</h2>\r\n                </div>\r\n                <div class=\"text-center\">\r\n                    <img width=\"90%\" src=\"/CONCASAU/DOAN/images/prod-29-description-3.jpg\">          \r\n                </div>\r\n                <br>\r\n                <h6 class=\"text-center\">Joy, captured at long last in a scent. <br>\r\n                    JOY by Dior is an ode to pleasure and to life told through the Eau de Parfum, as <br> bright as a smile, and the Eau de Parfum Intense, a genuine olfactory firework.  </h6>\r\n            \r\n            <div style=\"height: 40px;\"></div>\r\n            <hr style=\"clear: both;\">\r\n            <div class=\"text-center\">\r\n                <h2>JOY by Dior Eau de Parfum Intense</h2>\r\n                <hr style=\"clear: both;\">\r\n                <div class=\"row\">\r\n                  <div class=\"col-md-4\">\r\n                    <img width=\"90%\"\r\n                      src=\"/CONCASAU/DOAN/images/prod-29-description-4.jpg\"\r\n                      alt=\"\"><br>\r\n                    <span>A FLORAL FIREWORK, A CONCENTRATION OF JOY</span>\r\n                  </div>\r\n                  <div class=\"col-md-4\">\r\n                    <img width=\"90%\"\r\n                      src=\"/CONCASAU/DOAN/images/prod-29-description-5.jpg\"\r\n                      alt=\"\"><br>\r\n                      <span>CREATED BY FRANCOIS DEMACHY <br>\r\n                        HOUSE OF DIOR PERFUMER\r\n                    </span>\r\n                  </div>\r\n                  <div class=\"col-md-4\">\r\n                    <img width=\"90%\"\r\n                      src=\"/CONCASAU/DOAN/images/prod-29-description-6.jpg\"\r\n                      alt=\"\"><br>\r\n                      <span>Deep in the base of the bottle, a “compass rose” star is the House’s lucky symbol </span>\r\n                  </div>\r\n                </div>\r\n              </div>\r\n            </div>'),
(30, '<div class=\"container-fluid\"> \r\n                <div class=\"text-center\">\r\n                    <h2>DISCOVER NOSE THE MOVIE</h2>\r\n                    <div class=\"row\">\r\n                        <div class=\"col-1\"></div>\r\n                        <div class=\"col-md-3 text-left\" style=\"margin:auto; font: 13px, arial;\">\r\n                            Watch the documentary NOSE is an unprecedented augmented experience. \r\n                        </div>\r\n                        <div class=\"col-md-7\">\r\n                            <img width=\"90%\"\r\n                            src=\"/CONCASAU/DOAN/images/prod-30-description-1.jpg\"\r\n                            alt=\"\">\r\n                        </div>\r\n                    </div>\r\n            </div>\r\n            <hr style=\"clear: both;\">\r\n                <div class=\"text-center\">\r\n                    <h2>J’ADORE EAU DE PARFUM INFINISSIME</h2>\r\n                    <div class=\"row\">\r\n                        <div class=\"col-md-7\">\r\n                            <div class=\"image-container\">\r\n                                <div class=\"text-center\">\r\n                                  <video class=\"videoDiv video-mp4\" width=\"90%\" autoplay muted loop>\r\n                                    <source\r\n                                      src=\"/CONCASAU/DOAN/video/prod-30-description-video-1.mp4\"\r\n                                      type=\"video/mp4\">\r\n                                  </video>\r\n                                </div>\r\n                              </div>\r\n                        </div>\r\n                        <div class=\"col-md-4 text-left\" style=\"margin:auto; font: 13px, arial;\">\r\n                            The J’adore flowers unfurl in a new scent, powerful yet enveloping: a floral infinity that comes alive, released and reinvented to reflect the jewel-like bottle. One by one, the gold threads are loosened and unravel, sliding down the glass in a new movement, like a delicate breath.\r\n                        </div>\r\n                        <div class=\"col-1\"></div>\r\n                    </div>\r\n            </div>\r\n            <div style=\"height: 40px;\"></div>\r\n            <hr style=\"clear: both;\">\r\n                <div class=\"text-center\">\r\n                    <h2>AN ODE TO ABSOLUTE FEMININITY</h2>\r\n                    <div class=\"image-container\">\r\n                        <div class=\"text-center\">\r\n                          <video class=\"videoDiv video-mp4\" width=\"95%\" autoplay muted loop>\r\n                            <source\r\n                              src=\"/CONCASAU/DOAN/video/prod-30-description-video-2.mp4\"\r\n                              type=\"video/mp4\">\r\n                          </video>\r\n                        </div>\r\n                    </div>\r\n            </div>\r\n        </div>');

-- --------------------------------------------------------

--
-- Cấu trúc bảng cho bảng `tbl_order`
--

CREATE TABLE `tbl_order` (
  `order_id` int(11) NOT NULL,
  `user_id` int(11) NOT NULL,
  `order_date` date NOT NULL,
  `order_status` int(11) NOT NULL
) ENGINE=InnoDB DEFAULT CHARSET=utf8 COLLATE=utf8_vietnamese_ci;

--
-- Đang đổ dữ liệu cho bảng `tbl_order`
--

INSERT INTO `tbl_order` (`order_id`, `user_id`, `order_date`, `order_status`) VALUES
(29, 21, '2022-10-29', 1),
(33, 20, '2022-11-04', 1),
(34, 20, '2022-11-04', 1),
(35, 20, '2022-11-04', 1),
(36, 20, '2022-11-04', 1),
(37, 21, '2022-11-04', 1),
(38, 20, '2022-11-04', 1),
(39, 22, '2022-11-04', 1),
(40, 20, '2022-11-05', 1),
(41, 20, '2022-11-06', 1),
(42, 24, '2022-11-08', 1),
(43, 20, '2022-11-08', 1),
(44, 24, '2022-11-08', 1),
(45, 25, '2022-11-09', 1);

-- --------------------------------------------------------

--
-- Cấu trúc bảng cho bảng `tbl_order_details`
--

CREATE TABLE `tbl_order_details` (
  `order_id` int(11) NOT NULL,
  `product_id` int(11) NOT NULL,
  `product_quantity` int(11) NOT NULL
) ENGINE=InnoDB DEFAULT CHARSET=utf8 COLLATE=utf8_unicode_ci;

--
-- Đang đổ dữ liệu cho bảng `tbl_order_details`
--

INSERT INTO `tbl_order_details` (`order_id`, `product_id`, `product_quantity`) VALUES
(29, 12, 2),
(33, 12, 1),
(33, 23, 2),
(34, 5, 1),
(34, 15, 1),
(35, 24, 1),
(36, 23, 2),
(37, 2, 2),
(38, 19, 1),
(39, 10, 2),
(40, 12, 2),
(41, 4, 3),
(41, 5, 1),
(42, 2, 8),
(42, 4, 3),
(42, 11, 2),
(43, 11, 5),
(44, 11, 1),
(44, 24, 2),
(45, 2, 1);

-- --------------------------------------------------------

--
-- Cấu trúc bảng cho bảng `tbl_product`
--

CREATE TABLE `tbl_product` (
  `product_id` int(11) NOT NULL,
  `product_name` varchar(200) COLLATE utf8_unicode_ci NOT NULL,
  `product_price` int(11) NOT NULL,
  `category_id` int(11) NOT NULL,
  `product_highlighted` tinyint(1) NOT NULL,
  `product_thumbnail` varchar(200) COLLATE utf8_unicode_ci NOT NULL,
  `product_producer` varchar(50) COLLATE utf8_unicode_ci NOT NULL,
  `product_origin` varchar(50) COLLATE utf8_unicode_ci NOT NULL,
  `product_description` longtext COLLATE utf8_unicode_ci NOT NULL,
  `product_preview` varchar(500) COLLATE utf8_unicode_ci NOT NULL
) ENGINE=InnoDB DEFAULT CHARSET=utf8 COLLATE=utf8_unicode_ci;

--
-- Đang đổ dữ liệu cho bảng `tbl_product`
--

INSERT INTO `tbl_product` (`product_id`, `product_name`, `product_price`, `category_id`, `product_highlighted`, `product_thumbnail`, `product_producer`, `product_origin`, `product_description`, `product_preview`) VALUES
(1, 'Dior Addict Cannage', 1000000, 1, 1, '/CONCASAU/DOAN/images/prod-1.jpg', 'Dior', 'Pháp', '<div id=\"collapseOne\" class=\"collapse show\" aria-labelledby=\"headingOne\" data-parent=\"#accordion\">\n                  <div class=\"card-body\">\n                    <span style=\"font:caption;\">NAME</span>\n                    <p>Created to be a good luck charm, Lucky is the fragrance of good luck, echoing the history between\n                      the house of Dior and Lily-of-the-Valley. </p>\n                    <span style=\"font:caption;\">CHARACTER</span>\n                    <p>Lucky is a fragrance that plays with its white flowers and Lily-of-the-Valley notes for a subtle\n                      discovery of its scent. </p>\n                    <span style=\"font:caption;\">FEATURE</span>\n                    <p>Lucky is a fragrance good luck charm, like a scented lucky star, the olfactory signature of luck.\n                    </p>\n                  </div>\n                </div>', '/CONCASAU/DOAN/images/prod-1-preview-1.jpg;\r\n/CONCASAU/DOAN/images/prod-1-preview-2.jpg;\r\n/CONCASAU/DOAN/images/prod-1-preview-3.jpg;'),
(2, 'Dior Forever Cannage', 21300000, 1, 1, '/CONCASAU/DOAN/images/prod-2.jpg', 'Dior', 'Pháp', '<div id=\"collapseOne\" class=\"collapse show\" aria-labelledby=\"headingOne\" data-parent=\"#accordion\">\n                  <div class=\"card-body\">\n                    <span style=\"font:caption;\">NAME</span>\n                    <p>Created to be a good luck charm, Lucky is the fragrance of good luck, echoing the history between\n                      the house of Dior and Lily-of-the-Valley. </p>\n                    <span style=\"font:caption;\">CHARACTER</span>\n                    <p>Lucky is a fragrance that plays with its white flowers and Lily-of-the-Valley notes for a subtle\n                      discovery of its scent. </p>\n                    <span style=\"font:caption;\">FEATURE</span>\n                    <p>Lucky is a fragrance good luck charm, like a scented lucky star, the olfactory signature of luck.\n                    </p>\n                  </div>\n                </div>', '/CONCASAU/DOAN/images/prod-2-preview-1.jpg;\r\n/CONCASAU/DOAN/images/prod-2-preview-2.jpg;\r\n/CONCASAU/DOAN/images/prod-2-preview-3.jpg;'),
(3, 'Dior Backstage ', 41990000, 1, 1, '/CONCASAU/DOAN/images/prod-3.jpg', 'Dior', 'Pháp', '<div id=\"collapseOne\" class=\"collapse show\" aria-labelledby=\"headingOne\" data-parent=\"#accordion\">\n                  <div class=\"card-body\">\n                    <span style=\"font:caption;\">NAME</span>\n                    <p>Created to be a good luck charm, Lucky is the fragrance of good luck, echoing the history between\n                      the house of Dior and Lily-of-the-Valley. </p>\n                    <span style=\"font:caption;\">CHARACTER</span>\n                    <p>Lucky is a fragrance that plays with its white flowers and Lily-of-the-Valley notes for a subtle\n                      discovery of its scent. </p>\n                    <span style=\"font:caption;\">FEATURE</span>\n                    <p>Lucky is a fragrance good luck charm, like a scented lucky star, the olfactory signature of luck.\n                    </p>\n                  </div>\n                </div>', '/CONCASAU/DOAN/images/prod-3-preview-1.jpg;\r\n/CONCASAU/DOAN/images/prod-3-preview-2.jpg;\r\n/CONCASAU/DOAN/images/prod-3-preview-3.jpg;'),
(4, 'Dior Prestige', 4290000, 1, 1, '/CONCASAU/DOAN/images/prod-4.jpg', 'Dior', 'Pháp', '<div id=\"collapseOne\" class=\"collapse show\" aria-labelledby=\"headingOne\" data-parent=\"#accordion\">\n                  <div class=\"card-body\">\n                    <span style=\"font:caption;\">NAME</span>\n                    <p>Created to be a good luck charm, Lucky is the fragrance of good luck, echoing the history between\n                      the house of Dior and Lily-of-the-Valley. </p>\n                    <span style=\"font:caption;\">CHARACTER</span>\n                    <p>Lucky is a fragrance that plays with its white flowers and Lily-of-the-Valley notes for a subtle\n                      discovery of its scent. </p>\n                    <span style=\"font:caption;\">FEATURE</span>\n                    <p>Lucky is a fragrance good luck charm, like a scented lucky star, the olfactory signature of luck.\n                    </p>\n                  </div>\n                </div>', '/CONCASAU/DOAN/images/prod-4-preview-1.jpg;\r\n/CONCASAU/DOAN/images/prod-4-preview-2.jpg;\r\n/CONCASAU/DOAN/images/prod-4-preview-3.jpg;'),
(5, 'Dior Forever', 3790000, 1, 1, '/CONCASAU/DOAN/images/prod-5.jpg', 'Dior', 'Pháp', '<div id=\"collapseOne\" class=\"collapse show\" aria-labelledby=\"headingOne\" data-parent=\"#accordion\">\n                  <div class=\"card-body\">\n                    <span style=\"font:caption;\">NAME</span>\n                    <p>Created to be a good luck charm, Lucky is the fragrance of good luck, echoing the history between\n                      the house of Dior and Lily-of-the-Valley. </p>\n                    <span style=\"font:caption;\">CHARACTER</span>\n                    <p>Lucky is a fragrance that plays with its white flowers and Lily-of-the-Valley notes for a subtle\n                      discovery of its scent. </p>\n                    <span style=\"font:caption;\">FEATURE</span>\n                    <p>Lucky is a fragrance good luck charm, like a scented lucky star, the olfactory signature of luck.\n                    </p>\n                  </div>\n                </div>', '/CONCASAU/DOAN/images/prod-5-preview-1.jpg;\r\n/CONCASAU/DOAN/images/prod-5-preview-2.jpg;'),
(6, 'Capture Totale', 9490000, 1, 1, '/CONCASAU/DOAN/images/prod-6.jpg', 'Dior', 'Pháp', '<div id=\"collapseOne\" class=\"collapse show\" aria-labelledby=\"headingOne\" data-parent=\"#accordion\">\n                  <div class=\"card-body\">\n                    <span style=\"font:caption;\">NAME</span>\n                    <p>Created to be a good luck charm, Lucky is the fragrance of good luck, echoing the history between\n                      the house of Dior and Lily-of-the-Valley. </p>\n                    <span style=\"font:caption;\">CHARACTER</span>\n                    <p>Lucky is a fragrance that plays with its white flowers and Lily-of-the-Valley notes for a subtle\n                      discovery of its scent. </p>\n                    <span style=\"font:caption;\">FEATURE</span>\n                    <p>Lucky is a fragrance good luck charm, like a scented lucky star, the olfactory signature of luck.\n                    </p>\n                  </div>\n                </div>', '/CONCASAU/DOAN/images/prod-6-preview-1.jpg;\r\n/CONCASAU/DOAN/images/prod-6-preview-2.jpg;'),
(7, 'Dior Cushion', 3190000, 1, 1, '/CONCASAU/DOAN/images/prod-7.jpg', 'Dior', 'Pháp', '<div id=\"collapseOne\" class=\"collapse show\" aria-labelledby=\"headingOne\" data-parent=\"#accordion\">\n                  <div class=\"card-body\">\n                    <span style=\"font:caption;\">NAME</span>\n                    <p>Created to be a good luck charm, Lucky is the fragrance of good luck, echoing the history between\n                      the house of Dior and Lily-of-the-Valley. </p>\n                    <span style=\"font:caption;\">CHARACTER</span>\n                    <p>Lucky is a fragrance that plays with its white flowers and Lily-of-the-Valley notes for a subtle\n                      discovery of its scent. </p>\n                    <span style=\"font:caption;\">FEATURE</span>\n                    <p>Lucky is a fragrance good luck charm, like a scented lucky star, the olfactory signature of luck.\n                    </p>\n                  </div>\n                </div>', '/CONCASAU/DOAN/images/prod-7-preview-1.jpg;\r\n/CONCASAU/DOAN/images/prod-7-preview-2.jpg;'),
(8, 'Dior Stellar', 5190000, 1, 1, '/CONCASAU/DOAN/images/prod-8.jpg', 'Dior', 'Pháp', '<div id=\"collapseOne\" class=\"collapse show\" aria-labelledby=\"headingOne\" data-parent=\"#accordion\">\n                  <div class=\"card-body\">\n                    <span style=\"font:caption;\">NAME</span>\n                    <p>Created to be a good luck charm, Lucky is the fragrance of good luck, echoing the history between\n                      the house of Dior and Lily-of-the-Valley. </p>\n                    <span style=\"font:caption;\">CHARACTER</span>\n                    <p>Lucky is a fragrance that plays with its white flowers and Lily-of-the-Valley notes for a subtle\n                      discovery of its scent. </p>\n                    <span style=\"font:caption;\">FEATURE</span>\n                    <p>Lucky is a fragrance good luck charm, like a scented lucky star, the olfactory signature of luck.\n                    </p>\n                  </div>\n                </div>', '/CONCASAU/DOAN/images/prod-8-preview-1.jpg;\r\n'),
(9, 'DiorShow on Set', 13990000, 1, 1, '/CONCASAU/DOAN/images/prod-9.jpg', 'Dior', 'Pháp', '<div id=\"collapseOne\" class=\"collapse show\" aria-labelledby=\"headingOne\" data-parent=\"#accordion\">\n                  <div class=\"card-body\">\n                    <span style=\"font:caption;\">NAME</span>\n                    <p>Created to be a good luck charm, Lucky is the fragrance of good luck, echoing the history between\n                      the house of Dior and Lily-of-the-Valley. </p>\n                    <span style=\"font:caption;\">CHARACTER</span>\n                    <p>Lucky is a fragrance that plays with its white flowers and Lily-of-the-Valley notes for a subtle\n                      discovery of its scent. </p>\n                    <span style=\"font:caption;\">FEATURE</span>\n                    <p>Lucky is a fragrance good luck charm, like a scented lucky star, the olfactory signature of luck.\n                    </p>\n                  </div>\n                </div>', '/CONCASAU/DOAN/images/prod-9-preview-1.jpg;\r\n/CONCASAU/DOAN/images/prod-9-preview-2.jpg;\r\n/CONCASAU/DOAN/images/prod-9-preview-3.jpg;'),
(10, 'Dior Sauvage', 5140000, 2, 1, '/CONCASAU/DOAN/images/prod-10.jpg', 'Dior', 'Trung Quốc', '<div id=\"collapseOne\" class=\"collapse show\" aria-labelledby=\"headingOne\" data-parent=\"#accordion\">\n                  <div class=\"card-body\">\n                    <span style=\"font:caption;\">NAME</span>\n                    <p>Created to be a good luck charm, Lucky is the fragrance of good luck, echoing the history between\n                      the house of Dior and Lily-of-the-Valley. </p>\n                    <span style=\"font:caption;\">CHARACTER</span>\n                    <p>Lucky is a fragrance that plays with its white flowers and Lily-of-the-Valley notes for a subtle\n                      discovery of its scent. </p>\n                    <span style=\"font:caption;\">FEATURE</span>\n                    <p>Lucky is a fragrance good luck charm, like a scented lucky star, the olfactory signature of luck.\n                    </p>\n                  </div>\n                </div>', '/CONCASAU/DOAN/images/prod-10-preview-1.jpg;\r\n/CONCASAU/DOAN/images/prod-10-preview-2.jpg;\r\n/CONCASAU/DOAN/images/prod-10-preview-3.jpg;'),
(11, 'Dior Lucky', 20790000, 2, 1, '/CONCASAU/DOAN/images/prod-11.jpg', 'Dior', 'Trung Quốc', '<div id=\"collapseOne\" class=\"collapse show\" aria-labelledby=\"headingOne\" data-parent=\"#accordion\">\n                  <div class=\"card-body\">\n                    <span style=\"font:caption;\">NAME</span>\n                    <p>Created to be a good luck charm, Lucky is the fragrance of good luck, echoing the history between\n                      the house of Dior and Lily-of-the-Valley. </p>\n                    <span style=\"font:caption;\">CHARACTER</span>\n                    <p>Lucky is a fragrance that plays with its white flowers and Lily-of-the-Valley notes for a subtle\n                      discovery of its scent. </p>\n                    <span style=\"font:caption;\">FEATURE</span>\n                    <p>Lucky is a fragrance good luck charm, like a scented lucky star, the olfactory signature of luck.\n                    </p>\n                  </div>\n                </div>', '/CONCASAU/DOAN/images/prod-11-preview-1.jpg;\r\n/CONCASAU/DOAN/images/prod-11-preview-2.jpg;\r\n/CONCASAU/DOAN/images/prod-11-preview-3.jpg;'),
(12, 'Dior Homme', 27290000, 2, 1, '/CONCASAU/DOAN/images/prod-12.jpg', 'Dior', 'Trung Quốc', '<div id=\"collapseOne\" class=\"collapse show\" aria-labelledby=\"headingOne\" data-parent=\"#accordion\">\n                  <div class=\"card-body\">\n                    <span style=\"font:caption;\">NAME</span>\n                    <p>Created to be a good luck charm, Lucky is the fragrance of good luck, echoing the history between\n                      the house of Dior and Lily-of-the-Valley. </p>\n                    <span style=\"font:caption;\">CHARACTER</span>\n                    <p>Lucky is a fragrance that plays with its white flowers and Lily-of-the-Valley notes for a subtle\n                      discovery of its scent. </p>\n                    <span style=\"font:caption;\">FEATURE</span>\n                    <p>Lucky is a fragrance good luck charm, like a scented lucky star, the olfactory signature of luck.\n                    </p>\n                  </div>\n                </div>', '/CONCASAU/DOAN/images/prod-12-preview-1.jpg;\r\n/CONCASAU/DOAN/images/prod-12-preview-2.jpg;\r\n/CONCASAU/DOAN/images/prod-12-preview-3.jpg;'),
(13, 'Dior Blend', 2290000, 2, 1, '/CONCASAU/DOAN/images/prod-13.jpg', 'Dior', 'Trung Quốc', '<div id=\"collapseOne\" class=\"collapse show\" aria-labelledby=\"headingOne\" data-parent=\"#accordion\">\n                  <div class=\"card-body\">\n                    <span style=\"font:caption;\">NAME</span>\n                    <p>Created to be a good luck charm, Lucky is the fragrance of good luck, echoing the history between\n                      the house of Dior and Lily-of-the-Valley. </p>\n                    <span style=\"font:caption;\">CHARACTER</span>\n                    <p>Lucky is a fragrance that plays with its white flowers and Lily-of-the-Valley notes for a subtle\n                      discovery of its scent. </p>\n                    <span style=\"font:caption;\">FEATURE</span>\n                    <p>Lucky is a fragrance good luck charm, like a scented lucky star, the olfactory signature of luck.\n                    </p>\n                  </div>\n                </div>', '/CONCASAU/DOAN/images/prod-13-preview-1.jpg;\r\n/CONCASAU/DOAN/images/prod-13-preview-2.jpg;'),
(14, 'Chanel Homme', 5890000, 2, 1, '/CONCASAU/DOAN/images/prod-14.jpg', 'Chanel', 'Trung Quốc', '<div id=\"collapseOne\" class=\"collapse show\" aria-labelledby=\"headingOne\" data-parent=\"#accordion\">\n                  <div class=\"card-body\">\n                    <span style=\"font:caption;\">NAME</span>\n                    <p>Created to be a good luck charm, Lucky is the fragrance of good luck, echoing the history between\n                      the house of Dior and Lily-of-the-Valley. </p>\n                    <span style=\"font:caption;\">CHARACTER</span>\n                    <p>Lucky is a fragrance that plays with its white flowers and Lily-of-the-Valley notes for a subtle\n                      discovery of its scent. </p>\n                    <span style=\"font:caption;\">FEATURE</span>\n                    <p>Lucky is a fragrance good luck charm, like a scented lucky star, the olfactory signature of luck.\n                    </p>\n                  </div>\n                </div>', '/CONCASAU/DOAN/images/prod-14-preview-1.jpg;\r\n/CONCASAU/DOAN/images/prod-14-preview-2.jpg;'),
(15, 'Bleu de Chanel', 11990000, 2, 1, '/CONCASAU/DOAN/images/prod-15.jpg', 'Chanel', 'Trung Quốc', '<div id=\"collapseOne\" class=\"collapse show\" aria-labelledby=\"headingOne\" data-parent=\"#accordion\">\n                  <div class=\"card-body\">\n                    <span style=\"font:caption;\">NAME</span>\n                    <p>Created to be a good luck charm, Lucky is the fragrance of good luck, echoing the history between\n                      the house of Dior and Lily-of-the-Valley. </p>\n                    <span style=\"font:caption;\">CHARACTER</span>\n                    <p>Lucky is a fragrance that plays with its white flowers and Lily-of-the-Valley notes for a subtle\n                      discovery of its scent. </p>\n                    <span style=\"font:caption;\">FEATURE</span>\n                    <p>Lucky is a fragrance good luck charm, like a scented lucky star, the olfactory signature of luck.\n                    </p>\n                  </div>\n                </div>', '/CONCASAU/DOAN/images/prod-15-preview-1.jpg;\r\n/CONCASAU/DOAN/images/prod-15-preview-2.jpg;'),
(16, 'Chanel Sport', 16990000, 2, 1, '/CONCASAU/DOAN/images/prod-16.jpg', 'Chanel', 'Trung Quốc', '<div id=\"collapseOne\" class=\"collapse show\" aria-labelledby=\"headingOne\" data-parent=\"#accordion\">\n                  <div class=\"card-body\">\n                    <span style=\"font:caption;\">NAME</span>\n                    <p>Created to be a good luck charm, Lucky is the fragrance of good luck, echoing the history between\n                      the house of Dior and Lily-of-the-Valley. </p>\n                    <span style=\"font:caption;\">CHARACTER</span>\n                    <p>Lucky is a fragrance that plays with its white flowers and Lily-of-the-Valley notes for a subtle\n                      discovery of its scent. </p>\n                    <span style=\"font:caption;\">FEATURE</span>\n                    <p>Lucky is a fragrance good luck charm, like a scented lucky star, the olfactory signature of luck.\n                    </p>\n                  </div>\n                </div>', '/CONCASAU/DOAN/images/prod-16-preview-1.jpg;\r\n/CONCASAU/DOAN/images/prod-16-preview-2.jpg;'),
(17, 'YSL Y Le Parfum', 47990000, 2, 1, '/CONCASAU/DOAN/images/prod-17.jpg', 'YSL', 'Trung Quốc', '<div id=\"collapseOne\" class=\"collapse show\" aria-labelledby=\"headingOne\" data-parent=\"#accordion\">\n                  <div class=\"card-body\">\n                    <span style=\"font:caption;\">NAME</span>\n                    <p>Created to be a good luck charm, Lucky is the fragrance of good luck, echoing the history between\n                      the house of Dior and Lily-of-the-Valley. </p>\n                    <span style=\"font:caption;\">CHARACTER</span>\n                    <p>Lucky is a fragrance that plays with its white flowers and Lily-of-the-Valley notes for a subtle\n                      discovery of its scent. </p>\n                    <span style=\"font:caption;\">FEATURE</span>\n                    <p>Lucky is a fragrance good luck charm, like a scented lucky star, the olfactory signature of luck.\n                    </p>\n                  </div>\n                </div>', '/CONCASAU/DOAN/images/prod-17-preview-1.jpg;\r\n/CONCASAU/DOAN/images/prod-17-preview-2.jpg'),
(18, 'Creed Aventus', 32990000, 2, 1, '/CONCASAU/DOAN/images/prod-18.jpg', 'Creed', 'Trung Quốc', '<div id=\"collapseOne\" class=\"collapse show\" aria-labelledby=\"headingOne\" data-parent=\"#accordion\">\n                  <div class=\"card-body\">\n                    <span style=\"font:caption;\">NAME</span>\n                    <p>Created to be a good luck charm, Lucky is the fragrance of good luck, echoing the history between\n                      the house of Dior and Lily-of-the-Valley. </p>\n                    <span style=\"font:caption;\">CHARACTER</span>\n                    <p>Lucky is a fragrance that plays with its white flowers and Lily-of-the-Valley notes for a subtle\n                      discovery of its scent. </p>\n                    <span style=\"font:caption;\">FEATURE</span>\n                    <p>Lucky is a fragrance good luck charm, like a scented lucky star, the olfactory signature of luck.\n                    </p>\n                  </div>\n                </div>', '/CONCASAU/DOAN/images/prod-18-preview-1.jpg;\r\n/CONCASAU/DOAN/images/prod-18-preview-2.jpg;'),
(19, 'D&G The One', 20590000, 2, 1, '/CONCASAU/DOAN/images/prod-19.jpg', 'D&G', 'Đài Loan', '<div id=\"collapseOne\" class=\"collapse show\" aria-labelledby=\"headingOne\" data-parent=\"#accordion\">\n                  <div class=\"card-body\">\n                    <span style=\"font:caption;\">NAME</span>\n                    <p>Created to be a good luck charm, Lucky is the fragrance of good luck, echoing the history between\n                      the house of Dior and Lily-of-the-Valley. </p>\n                    <span style=\"font:caption;\">CHARACTER</span>\n                    <p>Lucky is a fragrance that plays with its white flowers and Lily-of-the-Valley notes for a subtle\n                      discovery of its scent. </p>\n                    <span style=\"font:caption;\">FEATURE</span>\n                    <p>Lucky is a fragrance good luck charm, like a scented lucky star, the olfactory signature of luck.\n                    </p>\n                  </div>\n                </div>', '/CONCASAU/DOAN/images/prod-19-preview-1.jpg;\r\n/CONCASAU/DOAN/images/prod-19-preview-2.jpg;'),
(20, 'Eau Sauvage', 1150000, 2, 1, '/CONCASAU/DOAN/images/prod-29.jpg', 'Dior', 'Pháp', '<div id=\"collapseOne\" class=\"collapse show\" aria-labelledby=\"headingOne\" data-parent=\"#accordion\">\n                  <div class=\"card-body\">\n                    <span style=\"font:caption;\">NAME</span>\n                    <p>Created to be a good luck charm, Lucky is the fragrance of good luck, echoing the history between\n                      the house of Dior and Lily-of-the-Valley. </p>\n                    <span style=\"font:caption;\">CHARACTER</span>\n                    <p>Lucky is a fragrance that plays with its white flowers and Lily-of-the-Valley notes for a subtle\n                      discovery of its scent. </p>\n                    <span style=\"font:caption;\">FEATURE</span>\n                    <p>Lucky is a fragrance good luck charm, like a scented lucky star, the olfactory signature of luck.\n                    </p>\n                  </div>\n                </div>', '/CONCASAU/DOAN/images/prod-29-preview-1.jpg;\r\n/CONCASAU/DOAN/images/prod-29-preview-2.jpg;'),
(21, 'Dior Fahrenheit ', 3000000, 2, 1, '/CONCASAU/DOAN/images/prod-30.jpg', 'Dior', 'Pháp', '<div id=\"collapseOne\" class=\"collapse show\" aria-labelledby=\"headingOne\" data-parent=\"#accordion\">\n                  <div class=\"card-body\">\n                    <span style=\"font:caption;\">NAME</span>\n                    <p>Created to be a good luck charm, Lucky is the fragrance of good luck, echoing the history between\n                      the house of Dior and Lily-of-the-Valley. </p>\n                    <span style=\"font:caption;\">CHARACTER</span>\n                    <p>Lucky is a fragrance that plays with its white flowers and Lily-of-the-Valley notes for a subtle\n                      discovery of its scent. </p>\n                    <span style=\"font:caption;\">FEATURE</span>\n                    <p>Lucky is a fragrance good luck charm, like a scented lucky star, the olfactory signature of luck.\n                    </p>\n                  </div>\n                </div>', '/CONCASAU/DOAN/images/prod-30-preview-1.jpg;\r\n'),
(22, 'Dior Miss Rose', 39990000, 3, 1, '/CONCASAU/DOAN/images/prod-22.jpg', 'Dior', 'Trung Quốc', '<div id=\"collapseOne\" class=\"collapse show\" aria-labelledby=\"headingOne\" data-parent=\"#accordion\">\n                  <div class=\"card-body\">\n                    <span style=\"font:caption;\">NAME</span>\n                    <p>Created to be a good luck charm, Lucky is the fragrance of good luck, echoing the history between\n                      the house of Dior and Lily-of-the-Valley. </p>\n                    <span style=\"font:caption;\">CHARACTER</span>\n                    <p>Lucky is a fragrance that plays with its white flowers and Lily-of-the-Valley notes for a subtle\n                      discovery of its scent. </p>\n                    <span style=\"font:caption;\">FEATURE</span>\n                    <p>Lucky is a fragrance good luck charm, like a scented lucky star, the olfactory signature of luck.\n                    </p>\n                  </div>\n                </div>', '/CONCASAU/DOAN/images/prod-22-preview-1.jpg;\n'),
(23, 'Chanel Chance', 18590000, 3, 1, '/CONCASAU/DOAN/images/prod-23.jpg', 'Chanel', 'Trung Quốc', '<div id=\"collapseOne\" class=\"collapse show\" aria-labelledby=\"headingOne\" data-parent=\"#accordion\">\n                  <div class=\"card-body\">\n                    <span style=\"font:caption;\">NAME</span>\n                    <p>Created to be a good luck charm, Lucky is the fragrance of good luck, echoing the history between\n                      the house of Dior and Lily-of-the-Valley. </p>\n                    <span style=\"font:caption;\">CHARACTER</span>\n                    <p>Lucky is a fragrance that plays with its white flowers and Lily-of-the-Valley notes for a subtle\n                      discovery of its scent. </p>\n                    <span style=\"font:caption;\">FEATURE</span>\n                    <p>Lucky is a fragrance good luck charm, like a scented lucky star, the olfactory signature of luck.\n                    </p>\n                  </div>\n                </div>', '/CONCASAU/DOAN/images/prod-23-preview-1.jpg;\r\n/CONCASAU/DOAN/images/prod-23-preview-2.jpg;'),
(24, 'Chanel Coco', 18090000, 3, 1, '/CONCASAU/DOAN/images/prod-24.jpg', 'Chanel', 'Trung Quốc', '<div id=\"collapseOne\" class=\"collapse show\" aria-labelledby=\"headingOne\" data-parent=\"#accordion\">\n                  <div class=\"card-body\">\n                    <span style=\"font:caption;\">NAME</span>\n                    <p>Created to be a good luck charm, Lucky is the fragrance of good luck, echoing the history between\n                      the house of Dior and Lily-of-the-Valley. </p>\n                    <span style=\"font:caption;\">CHARACTER</span>\n                    <p>Lucky is a fragrance that plays with its white flowers and Lily-of-the-Valley notes for a subtle\n                      discovery of its scent. </p>\n                    <span style=\"font:caption;\">FEATURE</span>\n                    <p>Lucky is a fragrance good luck charm, like a scented lucky star, the olfactory signature of luck.\n                    </p>\n                  </div>\n                </div>', '/CONCASAU/DOAN/images/prod-24-preview-1.jpg;\r\n/CONCASAU/DOAN/images/prod-24-preview-2.jpg;'),
(25, 'Chanel Cristalle', 200000, 3, 1, '/CONCASAU/DOAN/images/prod-25.jpg', 'Chanel', 'Pháp', '<div id=\"collapseOne\" class=\"collapse show\" aria-labelledby=\"headingOne\" data-parent=\"#accordion\">\n                  <div class=\"card-body\">\n                    <span style=\"font:caption;\">NAME</span>\n                    <p>Created to be a good luck charm, Lucky is the fragrance of good luck, echoing the history between\n                      the house of Dior and Lily-of-the-Valley. </p>\n                    <span style=\"font:caption;\">CHARACTER</span>\n                    <p>Lucky is a fragrance that plays with its white flowers and Lily-of-the-Valley notes for a subtle\n                      discovery of its scent. </p>\n                    <span style=\"font:caption;\">FEATURE</span>\n                    <p>Lucky is a fragrance good luck charm, like a scented lucky star, the olfactory signature of luck.\n                    </p>\n                  </div>\n                </div>', '/CONCASAU/DOAN/images/prod-25-preview-1.jpg;\r\n/CONCASAU/DOAN/images/prod-25-preview-2.jpg;'),
(26, 'Chanel Gabriellee', 1150000, 3, 1, '/CONCASAU/DOAN/images/prod-26.jpg', 'Chanel', 'Pháp', '<div id=\"collapseOne\" class=\"collapse show\" aria-labelledby=\"headingOne\" data-parent=\"#accordion\">\n                  <div class=\"card-body\">\n                    <span style=\"font:caption;\">NAME</span>\n                    <p>Created to be a good luck charm, Lucky is the fragrance of good luck, echoing the history between\n                      the house of Dior and Lily-of-the-Valley. </p>\n                    <span style=\"font:caption;\">CHARACTER</span>\n                    <p>Lucky is a fragrance that plays with its white flowers and Lily-of-the-Valley notes for a subtle\n                      discovery of its scent. </p>\n                    <span style=\"font:caption;\">FEATURE</span>\n                    <p>Lucky is a fragrance good luck charm, like a scented lucky star, the olfactory signature of luck.\n                    </p>\n                  </div>\n                </div>', '/CONCASAU/DOAN/images/prod-26-preview-1.jpg;\r\n/CONCASAU/DOAN/images/prod-26-preview-2.jpg;'),
(27, 'D&G Rose', 3000000, 3, 1, '/CONCASAU/DOAN/images/prod-27.jpg', 'D&G', 'Ý', '<div id=\"collapseOne\" class=\"collapse show\" aria-labelledby=\"headingOne\" data-parent=\"#accordion\">\n                  <div class=\"card-body\">\n                    <span style=\"font:caption;\">NAME</span>\n                    <p>Created to be a good luck charm, Lucky is the fragrance of good luck, echoing the history between\n                      the house of Dior and Lily-of-the-Valley. </p>\n                    <span style=\"font:caption;\">CHARACTER</span>\n                    <p>Lucky is a fragrance that plays with its white flowers and Lily-of-the-Valley notes for a subtle\n                      discovery of its scent. </p>\n                    <span style=\"font:caption;\">FEATURE</span>\n                    <p>Lucky is a fragrance good luck charm, like a scented lucky star, the olfactory signature of luck.\n                    </p>\n                  </div>\n                </div>', '/CONCASAU/DOAN/images/prod-27-preview-1.jpg;\r\n/CONCASAU/DOAN/images/prod-27-preview-2.jpg;'),
(28, 'D&G Light Blue', 2500000, 3, 1, '/CONCASAU/DOAN/images/prod-28.jpg', 'D&G', 'Ý', '<div id=\"collapseOne\" class=\"collapse show\" aria-labelledby=\"headingOne\" data-parent=\"#accordion\">\n                  <div class=\"card-body\">\n                    <span style=\"font:caption;\">NAME</span>\n                    <p>Created to be a good luck charm, Lucky is the fragrance of good luck, echoing the history between\n                      the house of Dior and Lily-of-the-Valley. </p>\n                    <span style=\"font:caption;\">CHARACTER</span>\n                    <p>Lucky is a fragrance that plays with its white flowers and Lily-of-the-Valley notes for a subtle\n                      discovery of its scent. </p>\n                    <span style=\"font:caption;\">FEATURE</span>\n                    <p>Lucky is a fragrance good luck charm, like a scented lucky star, the olfactory signature of luck.\n                    </p>\n                  </div>\n                </div>', '/CONCASAU/DOAN/images/prod-28-preview-1.jpg;\r\n'),
(29, 'Dior JOY', 20490000, 3, 1, '/CONCASAU/DOAN/images/prod-20.jpg', 'Dior', 'Đài Loan', '<div id=\"collapseOne\" class=\"collapse show\" aria-labelledby=\"headingOne\" data-parent=\"#accordion\">\n                  <div class=\"card-body\">\n                    <span style=\"font:caption;\">NAME</span>\n                    <p>Created to be a good luck charm, Lucky is the fragrance of good luck, echoing the history between\n                      the house of Dior and Lily-of-the-Valley. </p>\n                    <span style=\"font:caption;\">CHARACTER</span>\n                    <p>Lucky is a fragrance that plays with its white flowers and Lily-of-the-Valley notes for a subtle\n                      discovery of its scent. </p>\n                    <span style=\"font:caption;\">FEATURE</span>\n                    <p>Lucky is a fragrance good luck charm, like a scented lucky star, the olfactory signature of luck.\n                    </p>\n                  </div>\n                </div>', '/CONCASAU/DOAN/images/prod-20-preview-1.jpg;\r\n/CONCASAU/DOAN/images/prod-20-preview-2.jpg;'),
(30, 'Dior J\'Adore', 31490000, 3, 1, '/CONCASAU/DOAN/images/prod-21.jpg', 'Dior', 'Trung Quốc', '<div id=\"collapseOne\" class=\"collapse show\" aria-labelledby=\"headingOne\" data-parent=\"#accordion\">\n                  <div class=\"card-body\">\n                    <span style=\"font:caption;\">NAME</span>\n                    <p>Created to be a good luck charm, Lucky is the fragrance of good luck, echoing the history between\n                      the house of Dior and Lily-of-the-Valley. </p>\n                    <span style=\"font:caption;\">CHARACTER</span>\n                    <p>Lucky is a fragrance that plays with its white flowers and Lily-of-the-Valley notes for a subtle\n                      discovery of its scent. </p>\n                    <span style=\"font:caption;\">FEATURE</span>\n                    <p>Lucky is a fragrance good luck charm, like a scented lucky star, the olfactory signature of luck.\n                    </p>\n                  </div>\n                </div>', '/CONCASAU/DOAN/images/prod-21-preview-1.jpg;\r\n/CONCASAU/DOAN/images/prod-21-preview-2.jpg;');

-- --------------------------------------------------------

--
-- Cấu trúc bảng cho bảng `tbl_product_category`
--

CREATE TABLE `tbl_product_category` (
  `category_id` int(11) NOT NULL,
  `category_name` varchar(100) COLLATE utf8_unicode_ci NOT NULL
) ENGINE=InnoDB DEFAULT CHARSET=utf8 COLLATE=utf8_unicode_ci;

--
-- Đang đổ dữ liệu cho bảng `tbl_product_category`
--

INSERT INTO `tbl_product_category` (`category_id`, `category_name`) VALUES
(1, 'Make-up'),
(2, 'Men\'s Fragrance'),
(3, 'Women\'s Fragrance');

-- --------------------------------------------------------

--
-- Cấu trúc bảng cho bảng `tbl_user`
--

CREATE TABLE `tbl_user` (
  `user_id` int(11) NOT NULL,
  `user_phone` varchar(20) COLLATE utf8_unicode_ci NOT NULL,
  `user_password` varchar(200) COLLATE utf8_unicode_ci NOT NULL,
  `user_name` varchar(200) COLLATE utf8_unicode_ci NOT NULL,
  `user_address` varchar(300) COLLATE utf8_unicode_ci NOT NULL
) ENGINE=InnoDB DEFAULT CHARSET=utf8 COLLATE=utf8_unicode_ci;

--
-- Đang đổ dữ liệu cho bảng `tbl_user`
--

INSERT INTO `tbl_user` (`user_id`, `user_phone`, `user_password`, `user_name`, `user_address`) VALUES
(20, '2303', '123', 'Nguyen Truong An', 'Bien Hoa, Dong Nai'),
(21, '1208', '123', 'Nguyen Van Vinh Hung', 'Que Son, Quang Nam'),
(22, '2310', '111', 'huan', 'huan'),
(23, '1205', '123', 'Lieu Y', 'Bien hoa, Dong Nai'),
(24, '0944534675', '123', 'Duong Quoc Thai', 'Trang Bang, Tay Ninh'),
(25, '000000000', 'tuankien', 'Tuáº¥n Kiá»‡n', 'Long An');

--
-- Chỉ mục cho các bảng đã đổ
--

--
-- Chỉ mục cho bảng `tbl_cart`
--
ALTER TABLE `tbl_cart`
  ADD PRIMARY KEY (`user_id`,`product_id`),
  ADD KEY `product_id` (`product_id`);

--
-- Chỉ mục cho bảng `tbl_description`
--
ALTER TABLE `tbl_description`
  ADD PRIMARY KEY (`product_id`);

--
-- Chỉ mục cho bảng `tbl_order`
--
ALTER TABLE `tbl_order`
  ADD PRIMARY KEY (`order_id`),
  ADD KEY `user_id` (`user_id`);

--
-- Chỉ mục cho bảng `tbl_order_details`
--
ALTER TABLE `tbl_order_details`
  ADD PRIMARY KEY (`order_id`,`product_id`),
  ADD KEY `product_id` (`product_id`);

--
-- Chỉ mục cho bảng `tbl_product`
--
ALTER TABLE `tbl_product`
  ADD PRIMARY KEY (`product_id`),
  ADD KEY `category_id` (`category_id`);

--
-- Chỉ mục cho bảng `tbl_product_category`
--
ALTER TABLE `tbl_product_category`
  ADD PRIMARY KEY (`category_id`);

--
-- Chỉ mục cho bảng `tbl_user`
--
ALTER TABLE `tbl_user`
  ADD PRIMARY KEY (`user_id`);

--
-- AUTO_INCREMENT cho các bảng đã đổ
--

--
-- AUTO_INCREMENT cho bảng `tbl_order`
--
ALTER TABLE `tbl_order`
  MODIFY `order_id` int(11) NOT NULL AUTO_INCREMENT, AUTO_INCREMENT=46;

--
-- AUTO_INCREMENT cho bảng `tbl_user`
--
ALTER TABLE `tbl_user`
  MODIFY `user_id` int(11) NOT NULL AUTO_INCREMENT, AUTO_INCREMENT=26;

--
-- Các ràng buộc cho các bảng đã đổ
--

--
-- Các ràng buộc cho bảng `tbl_cart`
--
ALTER TABLE `tbl_cart`
  ADD CONSTRAINT `tbl_cart_ibfk_2` FOREIGN KEY (`product_id`) REFERENCES `tbl_product` (`product_id`) ON DELETE CASCADE ON UPDATE CASCADE,
  ADD CONSTRAINT `tbl_cart_ibfk_3` FOREIGN KEY (`user_id`) REFERENCES `tbl_user` (`user_id`) ON DELETE CASCADE ON UPDATE CASCADE;

--
-- Các ràng buộc cho bảng `tbl_description`
--
ALTER TABLE `tbl_description`
  ADD CONSTRAINT `tbl_description_ibfk_1` FOREIGN KEY (`product_id`) REFERENCES `tbl_product` (`product_id`) ON DELETE CASCADE ON UPDATE CASCADE;

--
-- Các ràng buộc cho bảng `tbl_order`
--
ALTER TABLE `tbl_order`
  ADD CONSTRAINT `tbl_order_ibfk_1` FOREIGN KEY (`user_id`) REFERENCES `tbl_user` (`user_id`) ON DELETE CASCADE ON UPDATE CASCADE;

--
-- Các ràng buộc cho bảng `tbl_order_details`
--
ALTER TABLE `tbl_order_details`
  ADD CONSTRAINT `tbl_order_details_ibfk_2` FOREIGN KEY (`product_id`) REFERENCES `tbl_product` (`product_id`) ON DELETE CASCADE ON UPDATE CASCADE,
  ADD CONSTRAINT `tbl_order_details_ibfk_3` FOREIGN KEY (`order_id`) REFERENCES `tbl_order` (`order_id`) ON DELETE CASCADE ON UPDATE CASCADE;

--
-- Các ràng buộc cho bảng `tbl_product`
--
ALTER TABLE `tbl_product`
  ADD CONSTRAINT `tbl_product_ibfk_1` FOREIGN KEY (`category_id`) REFERENCES `tbl_product_category` (`category_id`) ON DELETE CASCADE ON UPDATE CASCADE;
COMMIT;

/*!40101 SET CHARACTER_SET_CLIENT=@OLD_CHARACTER_SET_CLIENT */;
/*!40101 SET CHARACTER_SET_RESULTS=@OLD_CHARACTER_SET_RESULTS */;
/*!40101 SET COLLATION_CONNECTION=@OLD_COLLATION_CONNECTION */;
